DROP DATABASE IF EXISTS planner;CREATE DATABASE planner;USE planner;/*======================================CREATE STATEMENTS======================================*/CREATE TABLE Recipe(recipeID int auto_increment,creationDate date default CURRENT_DATE,recipeName varchar(255),preparationTime int,inputServing int,imageUpload varchar(255),calorieCount int,primary key(recipeID));CREATE TABLE MealPlan(mealPlanID int auto_increment,planName varchar(150),dateCreated date default CURRENT_DATE,primary key(mealPlanID));CREATE TABLE User(userID int auto_increment,fname varchar(50),lname varchar(50),username varchar(150),password varchar(255),primary key(userID));CREATE TABLE Ingredient(ingredientID int auto_increment,ingredientName varchar(255),primary key(ingredientID));CREATE TABLE Measurement(measurementID int auto_increment,quantity decimal(8,2),unit varchar(50),primary key(measurementID));CREATE TABLE Instruction(recipeID int,stepNumber int,direction varchar(255),primary key(recipeID, stepNumber),foreign key(recipeID) references Recipe(recipeID) on delete cascade);CREATE TABLE includes(mealPlanID int,recipeID int,primary key(mealPlanID, recipeID),foreign key(mealPlanID) references MealPlan(mealPlanID) on delete cascade,foreign key(recipeID) references Recipe(recipeID) on delete cascade);CREATE TABLE has(mealPlanID int,userID int,primary key(mealPlanID),foreign key(mealPlanID) references MealPlan(mealPlanID) on delete cascade,foreign key(userID) references User(userID) on delete cascade);CREATE TABLE kitchen(ingredientID int,userID int,primary key(ingredientID, userID),foreign key(ingredientID) references Ingredient(ingredientID) on delete cascade,foreign key(userID) references User(userID) on delete cascade);CREATE TABLE contains(recipeID int,ingredientID int,measurementID int,primary key(recipeID, ingredientID),foreign key(recipeID) references Recipe(recipeID) on delete cascade,foreign key(ingredientID) references Ingredient(ingredientID) on delete cascade,foreign key(measurementID) references Measurement(measurementID) on delete cascade);CREATE TABLE adds(recipeID int,userID int,primary key(userID, recipeID),foreign key(recipeID) references Recipe(recipeID) on delete cascade,foreign key(userID) references User(userID) on delete cascade);/*======================================INSERTING Measurements======================================*/INSERT INTO Measurement(measurementID, quantity, unit) VALUES(1, 0.25, "tbsp");INSERT INTO Measurement(measurementID, quantity, unit) VALUES(2, 0.50, "tbsp");INSERT INTO Measurement(measurementID, quantity, unit) VALUES(3, 0.75, "tbsp");INSERT INTO Measurement(measurementID, quantity, unit) VALUES(4, 1.00, "tbsp");INSERT INTO Measurement(measurementID, quantity, unit) VALUES(5, 1.50, "tbsp");INSERT INTO Measurement(measurementID, quantity, unit) VALUES(6, 2.00, "tbsp");INSERT INTO Measurement(measurementID, quantity, unit) VALUES(7, 2.25, "tbsp");INSERT INTO Measurement(measurementID, quantity, unit) VALUES(8, 4.00, "tbsp");INSERT INTO Measurement(measurementID, quantity, unit) VALUES(9, 6.00, "tbsp");INSERT INTO Measurement(measurementID, quantity, unit) VALUES(10, 8.00, "tbsp");INSERT INTO Measurement(measurementID, quantity, unit) VALUES(11, 0.25, "tsp");INSERT INTO Measurement(measurementID, quantity, unit) VALUES(12, 0.50, "tsp");INSERT INTO Measurement(measurementID, quantity, unit) VALUES(13, 0.75, "tsp");INSERT INTO Measurement(measurementID, quantity, unit) VALUES(14, 1.00, "tsp");INSERT INTO Measurement(measurementID, quantity, unit) VALUES(15, 1.50, "tsp");INSERT INTO Measurement(measurementID, quantity, unit) VALUES(16, 2.00, "tsp");INSERT INTO Measurement(measurementID, quantity, unit) VALUES(17, 2.25, "tsp");INSERT INTO Measurement(measurementID, quantity, unit) VALUES(18, 4.00, "tsp");INSERT INTO Measurement(measurementID, quantity, unit) VALUES(19, 6.00, "tsp");INSERT INTO Measurement(measurementID, quantity, unit) VALUES(20, 8.00, "tsp");INSERT INTO Measurement(measurementID, quantity, unit) VALUES(21, 0.25, "cups");INSERT INTO Measurement(measurementID, quantity, unit) VALUES(22, 0.50, "cups");INSERT INTO Measurement(measurementID, quantity, unit) VALUES(23, 0.75, "cups");INSERT INTO Measurement(measurementID, quantity, unit) VALUES(24, 1.00, "cups");INSERT INTO Measurement(measurementID, quantity, unit) VALUES(25, 1.50, "cups");INSERT INTO Measurement(measurementID, quantity, unit) VALUES(26, 2.00, "cups");INSERT INTO Measurement(measurementID, quantity, unit) VALUES(27, 2.25, "cups");INSERT INTO Measurement(measurementID, quantity, unit) VALUES(28, 4.00, "cups");INSERT INTO Measurement(measurementID, quantity, unit) VALUES(29, 6.00, "cups");INSERT INTO Measurement(measurementID, quantity, unit) VALUES(30, 8.00, "cups");INSERT INTO Measurement(measurementID, quantity, unit) VALUES(31, 0.25, "pds");INSERT INTO Measurement(measurementID, quantity, unit) VALUES(32, 0.50, "pds");INSERT INTO Measurement(measurementID, quantity, unit) VALUES(33, 0.75, "pds");INSERT INTO Measurement(measurementID, quantity, unit) VALUES(34, 1.00, "pds");INSERT INTO Measurement(measurementID, quantity, unit) VALUES(35, 1.50, "pds");INSERT INTO Measurement(measurementID, quantity, unit) VALUES(36, 2.00, "pds");INSERT INTO Measurement(measurementID, quantity, unit) VALUES(37, 2.25, "pds");INSERT INTO Measurement(measurementID, quantity, unit) VALUES(38, 4.00, "pds");INSERT INTO Measurement(measurementID, quantity, unit) VALUES(39, 6.00, "pds");INSERT INTO Measurement(measurementID, quantity, unit) VALUES(40, 8.00, "pds");INSERT INTO Measurement(measurementID, quantity, unit) VALUES(41, 0.25, "oz");INSERT INTO Measurement(measurementID, quantity, unit) VALUES(42, 0.50, "oz");INSERT INTO Measurement(measurementID, quantity, unit) VALUES(43, 0.75, "oz");INSERT INTO Measurement(measurementID, quantity, unit) VALUES(44, 1.00, "oz");INSERT INTO Measurement(measurementID, quantity, unit) VALUES(45, 1.50, "oz");INSERT INTO Measurement(measurementID, quantity, unit) VALUES(46, 2.00, "oz");INSERT INTO Measurement(measurementID, quantity, unit) VALUES(47, 2.25, "oz");INSERT INTO Measurement(measurementID, quantity, unit) VALUES(48, 4.00, "oz");INSERT INTO Measurement(measurementID, quantity, unit) VALUES(49, 6.00, "oz");INSERT INTO Measurement(measurementID, quantity, unit) VALUES(50, 8.00, "oz");INSERT INTO Measurement(measurementID, quantity, unit) VALUES(51, 0.25, "whole");INSERT INTO Measurement(measurementID, quantity, unit) VALUES(52, 0.50, "whole");INSERT INTO Measurement(measurementID, quantity, unit) VALUES(53, 0.75, "whole");INSERT INTO Measurement(measurementID, quantity, unit) VALUES(54, 1.00, "whole");INSERT INTO Measurement(measurementID, quantity, unit) VALUES(55, 1.50, "whole");INSERT INTO Measurement(measurementID, quantity, unit) VALUES(56, 2.00, "whole");INSERT INTO Measurement(measurementID, quantity, unit) VALUES(57, 2.25, "whole");INSERT INTO Measurement(measurementID, quantity, unit) VALUES(58, 4.00, "whole");INSERT INTO Measurement(measurementID, quantity, unit) VALUES(59, 6.00, "whole");INSERT INTO Measurement(measurementID, quantity, unit) VALUES(60, 8.00, "whole");/*======================================INSERTING Ingredients======================================*/INSERT INTO Ingredient(ingredientID, ingredientName) VALUES(1, "Molasses");INSERT INTO Ingredient(ingredientID, ingredientName) VALUES(2, "Almond");INSERT INTO Ingredient(ingredientID, ingredientName) VALUES(3, "Pecans");INSERT INTO Ingredient(ingredientID, ingredientName) VALUES(4, "Plum Tomato");INSERT INTO Ingredient(ingredientID, ingredientName) VALUES(5, "Cashew Nut");INSERT INTO Ingredient(ingredientID, ingredientName) VALUES(6, "Apple");INSERT INTO Ingredient(ingredientID, ingredientName) VALUES(7, "Legume");INSERT INTO Ingredient(ingredientID, ingredientName) VALUES(8, "Curry Paste");INSERT INTO Ingredient(ingredientID, ingredientName) VALUES(9, "Barbecue Sauce");INSERT INTO Ingredient(ingredientID, ingredientName) VALUES(10, "Chilli Flake");INSERT INTO Ingredient(ingredientID, ingredientName) VALUES(11, "Lemon");INSERT INTO Ingredient(ingredientID, ingredientName) VALUES(12, "Endive");INSERT INTO Ingredient(ingredientID, ingredientName) VALUES(13, "Kale");INSERT INTO Ingredient(ingredientID, ingredientName) VALUES(14, "Torte");INSERT INTO Ingredient(ingredientID, ingredientName) VALUES(15, "Salt");INSERT INTO Ingredient(ingredientID, ingredientName) VALUES(16, "Cashew");INSERT INTO Ingredient(ingredientID, ingredientName) VALUES(17, "Honeydew Melon");INSERT INTO Ingredient(ingredientID, ingredientName) VALUES(18, "Rice Paper");INSERT INTO Ingredient(ingredientID, ingredientName) VALUES(19, "Pea");INSERT INTO Ingredient(ingredientID, ingredientName) VALUES(20, "Saffron");INSERT INTO Ingredient(ingredientID, ingredientName) VALUES(21, "Berry");INSERT INTO Ingredient(ingredientID, ingredientName) VALUES(22, "Soy Ice Cream");INSERT INTO Ingredient(ingredientID, ingredientName) VALUES(23, "Rice");INSERT INTO Ingredient(ingredientID, ingredientName) VALUES(24, "Brussels Sprout");INSERT INTO Ingredient(ingredientID, ingredientName) VALUES(25, "Pretzel");INSERT INTO Ingredient(ingredientID, ingredientName) VALUES(26, "Guava");INSERT INTO Ingredient(ingredientID, ingredientName) VALUES(27, "Pumpernickel");INSERT INTO Ingredient(ingredientID, ingredientName) VALUES(28, "Flax Seed");INSERT INTO Ingredient(ingredientID, ingredientName) VALUES(29, "Jackfruit");INSERT INTO Ingredient(ingredientID, ingredientName) VALUES(30, "Chives");INSERT INTO Ingredient(ingredientID, ingredientName) VALUES(31, "Durian");INSERT INTO Ingredient(ingredientID, ingredientName) VALUES(32, "Raisin");INSERT INTO Ingredient(ingredientID, ingredientName) VALUES(33, "Snow Pea");INSERT INTO Ingredient(ingredientID, ingredientName) VALUES(34, "Cornflake");INSERT INTO Ingredient(ingredientID, ingredientName) VALUES(35, "Bran");INSERT INTO Ingredient(ingredientID, ingredientName) VALUES(36, "Blackberry");INSERT INTO Ingredient(ingredientID, ingredientName) VALUES(37, "Pear");INSERT INTO Ingredient(ingredientID, ingredientName) VALUES(38, "Cucumber");INSERT INTO Ingredient(ingredientID, ingredientName) VALUES(39, "Cornstarch");INSERT INTO Ingredient(ingredientID, ingredientName) VALUES(40, "Jalapeno");INSERT INTO Ingredient(ingredientID, ingredientName) VALUES(41, "Chicken");INSERT INTO Ingredient(ingredientID, ingredientName) VALUES(42, "Pork");/*======================================INSERTING 250,000 USERS======================================*/INSERT INTO User(fname,lname,username,password) VALUES("Jason", "Meyer", "david90", "2AQh0IuBiG");INSERT INTO User(fname,lname,username,password) VALUES("Micheal", "Campbell", "rodriguezkevin", "07UYkxfa1g");INSERT INTO User(fname,lname,username,password) VALUES("Catherine", "Rojas", "hernandezjessica", "0Bwk3sswaP");INSERT INTO User(fname,lname,username,password) VALUES("James", "Nguyen", "sullivanscott", "FCS7fZrxFx");INSERT INTO User(fname,lname,username,password) VALUES("Anthony", "Ellis", "chandouglas", "8uUd6x7R3M");INSERT INTO User(fname,lname,username,password) VALUES("Monique", "Williams", "jclark", "G8sHMQyjXH");INSERT INTO User(fname,lname,username,password) VALUES("Keith", "Stephenson", "mathismegan", "ILvOoqvY14");INSERT INTO User(fname,lname,username,password) VALUES("James", "Miller", "vlevy", "41iSdOqWHr");INSERT INTO User(fname,lname,username,password) VALUES("Brandy", "Gibson", "joshualyons", "yY1iG9rIHQ");INSERT INTO User(fname,lname,username,password) VALUES("Jamie", "Lopez", "sherigriffin", "zZDDIo3WA2");INSERT INTO User(fname,lname,username,password) VALUES("Diane", "Callahan", "erica16", "1TDXEDe47X");INSERT INTO User(fname,lname,username,password) VALUES("Lisa", "Nunez", "lisa69", "44VtjzUMqK");INSERT INTO User(fname,lname,username,password) VALUES("Lindsey", "Chavez", "qrobinson", "8SI1EN4f9o");INSERT INTO User(fname,lname,username,password) VALUES("Lisa", "Davis", "danielmcknight", "6VVEUGgc1L");INSERT INTO User(fname,lname,username,password) VALUES("Angel", "Hill", "annmcdowell", "7BVLrniCq5");INSERT INTO User(fname,lname,username,password) VALUES("Christopher", "Morris", "smithmichael", "1BHxGXP3fI");INSERT INTO User(fname,lname,username,password) VALUES("Rebecca", "Larson", "lanelauren", "d7zQMeur9X");INSERT INTO User(fname,lname,username,password) VALUES("Jill", "Taylor", "edward79", "9BIKRdE7Ms");INSERT INTO User(fname,lname,username,password) VALUES("Nancy", "Lopez", "millerkathleen", "U8QMgyiz78");INSERT INTO User(fname,lname,username,password) VALUES("Julia", "Sharp", "robertortiz", "ouo2Moiaej");/*======================================INSERTING 600,000 Recipes and Connections======================================*/INSERT INTO Recipe(recipeID, creationDate, recipeName, preparationTime, inputServing, imageUpload, calorieCount) VALUES(1, "2021-03-05", "Creamed Chopped Raisin Chips", 39, 8, "https://placekitten.com/537/472", 3989);INSERT INTO Recipe(recipeID, creationDate, recipeName, preparationTime, inputServing, imageUpload, calorieCount) VALUES(2, "2021-04-01", "Crispy Beated Pea Risotto", 125, 10, "https://placekitten.com/347/291", 2191);INSERT INTO Recipe(recipeID, creationDate, recipeName, preparationTime, inputServing, imageUpload, calorieCount) VALUES(3, "2021-03-26", "Chopped Sweet & sour Rice", 184, 10, "https://placeimg.com/853/247/any", 4721);INSERT INTO Recipe(recipeID, creationDate, recipeName, preparationTime, inputServing, imageUpload, calorieCount) VALUES(4, "2021-03-13", "Grated Steamed Legume", 216, 9, "https://dummyimage.com/679x146", 6652);INSERT INTO Recipe(recipeID, creationDate, recipeName, preparationTime, inputServing, imageUpload, calorieCount) VALUES(5, "2021-03-20", "Served Melted Legume", 167, 1, "https://dummyimage.com/760x741", 4947);INSERT INTO Recipe(recipeID, creationDate, recipeName, preparationTime, inputServing, imageUpload, calorieCount) VALUES(6, "2021-03-12", "Sour Baked Cornflake Risotto", 43, 9, "https://placekitten.com/924/725", 1665);INSERT INTO Recipe(recipeID, creationDate, recipeName, preparationTime, inputServing, imageUpload, calorieCount) VALUES(7, "2021-03-30", "Spicy Grated Snow Pea Cake", 18, 8, "https://www.lorempixel.com/812/532", 3970);INSERT INTO Recipe(recipeID, creationDate, recipeName, preparationTime, inputServing, imageUpload, calorieCount) VALUES(8, "2021-03-10", "Mixed Crispy Cucumber Cake", 55, 10, "https://dummyimage.com/897x676", 334);INSERT INTO Recipe(recipeID, creationDate, recipeName, preparationTime, inputServing, imageUpload, calorieCount) VALUES(9, "2021-03-27", "Chopped Blended Cucumber", 73, 2, "https://placekitten.com/391/89", 3303);INSERT INTO Recipe(recipeID, creationDate, recipeName, preparationTime, inputServing, imageUpload, calorieCount) VALUES(10, "2021-03-05", "Crispy Greased Chilli Flake Juice", 284, 2, "https://placekitten.com/258/398", 2058);/*======================================INSERTING Relationship: contains======================================*/INSERT INTO contains(recipeID, ingredientID, measurementID) VALUES(1, 32, 15);INSERT INTO contains(recipeID, ingredientID, measurementID) VALUES(1, 10, 56);INSERT INTO contains(recipeID, ingredientID, measurementID) VALUES(2, 19, 41);INSERT INTO contains(recipeID, ingredientID, measurementID) VALUES(2, 32, 47);INSERT INTO contains(recipeID, ingredientID, measurementID) VALUES(3, 23, 10);INSERT INTO contains(recipeID, ingredientID, measurementID) VALUES(3, 42, 59);INSERT INTO contains(recipeID, ingredientID, measurementID) VALUES(3, 5, 7);INSERT INTO contains(recipeID, ingredientID, measurementID) VALUES(4, 7, 52);INSERT INTO contains(recipeID, ingredientID, measurementID) VALUES(4, 13, 49);INSERT INTO contains(recipeID, ingredientID, measurementID) VALUES(4, 10, 37);INSERT INTO contains(recipeID, ingredientID, measurementID) VALUES(5, 7, 11);INSERT INTO contains(recipeID, ingredientID, measurementID) VALUES(5, 29, 47);INSERT INTO contains(recipeID, ingredientID, measurementID) VALUES(5, 16, 42);INSERT INTO contains(recipeID, ingredientID, measurementID) VALUES(6, 34, 33);INSERT INTO contains(recipeID, ingredientID, measurementID) VALUES(6, 3, 31);INSERT INTO contains(recipeID, ingredientID, measurementID) VALUES(7, 33, 32);INSERT INTO contains(recipeID, ingredientID, measurementID) VALUES(7, 11, 9);INSERT INTO contains(recipeID, ingredientID, measurementID) VALUES(7, 15, 50);INSERT INTO contains(recipeID, ingredientID, measurementID) VALUES(8, 38, 35);INSERT INTO contains(recipeID, ingredientID, measurementID) VALUES(8, 6, 38);INSERT INTO contains(recipeID, ingredientID, measurementID) VALUES(8, 7, 27);INSERT INTO contains(recipeID, ingredientID, measurementID) VALUES(8, 17, 27);INSERT INTO contains(recipeID, ingredientID, measurementID) VALUES(9, 38, 29);INSERT INTO contains(recipeID, ingredientID, measurementID) VALUES(9, 26, 6);INSERT INTO contains(recipeID, ingredientID, measurementID) VALUES(9, 15, 28);INSERT INTO contains(recipeID, ingredientID, measurementID) VALUES(9, 35, 18);INSERT INTO contains(recipeID, ingredientID, measurementID) VALUES(10, 10, 27);INSERT INTO contains(recipeID, ingredientID, measurementID) VALUES(10, 15, 19);INSERT INTO contains(recipeID, ingredientID, measurementID) VALUES(10, 33, 53);/*======================================INSERTING Instructions======================================*/INSERT INTO Instruction(recipeID, stepNumber, direction) VALUES(1, 1, "Whom animal stand five career teach low somebody. Five level various show leave street high.");INSERT INTO Instruction(recipeID, stepNumber, direction) VALUES(2, 1, "Low the recently black move assume industry southern.");INSERT INTO Instruction(recipeID, stepNumber, direction) VALUES(3, 1, "Pretty build not produce.");INSERT INTO Instruction(recipeID, stepNumber, direction) VALUES(3, 2, "Audience Republican teach expert development by loss single.");INSERT INTO Instruction(recipeID, stepNumber, direction) VALUES(4, 1, "Plan need office may. Way identify test decade sign.");INSERT INTO Instruction(recipeID, stepNumber, direction) VALUES(4, 2, "Early loss despite model item something happen.");INSERT INTO Instruction(recipeID, stepNumber, direction) VALUES(4, 3, "Better hot gun cell option trade meeting.");INSERT INTO Instruction(recipeID, stepNumber, direction) VALUES(5, 1, "Four third whole fall east age.");INSERT INTO Instruction(recipeID, stepNumber, direction) VALUES(6, 1, "World local mission address military rock.");INSERT INTO Instruction(recipeID, stepNumber, direction) VALUES(6, 2, "Research fill pressure should well owner. Each site tough represent long hear.");INSERT INTO Instruction(recipeID, stepNumber, direction) VALUES(7, 1, "Others media travel front.");INSERT INTO Instruction(recipeID, stepNumber, direction) VALUES(7, 2, "Peace use particularly second. Society military campaign.");INSERT INTO Instruction(recipeID, stepNumber, direction) VALUES(7, 3, "Hundred service everybody table attack wall form agent.");INSERT INTO Instruction(recipeID, stepNumber, direction) VALUES(8, 1, "Agree thing job source.");INSERT INTO Instruction(recipeID, stepNumber, direction) VALUES(8, 2, "Forward thank coach others eight agree drop.");INSERT INTO Instruction(recipeID, stepNumber, direction) VALUES(8, 3, "Her property reflect hundred couple dream.");INSERT INTO Instruction(recipeID, stepNumber, direction) VALUES(9, 1, "Heavy believe ever animal. Wonder try bring nearly.");INSERT INTO Instruction(recipeID, stepNumber, direction) VALUES(9, 2, "Serve newspaper job movie weight place identify. Society difficult friend.");INSERT INTO Instruction(recipeID, stepNumber, direction) VALUES(10, 1, "Person fall bag test challenge skill.");/*======================================INSERTING Relationship: adds======================================*/INSERT INTO adds(recipeID, userID) VALUES(1, 4);INSERT INTO adds(recipeID, userID) VALUES(2, 9);INSERT INTO adds(recipeID, userID) VALUES(3, 18);INSERT INTO adds(recipeID, userID) VALUES(4, 1);INSERT INTO adds(recipeID, userID) VALUES(5, 12);INSERT INTO adds(recipeID, userID) VALUES(6, 6);INSERT INTO adds(recipeID, userID) VALUES(7, 5);INSERT INTO adds(recipeID, userID) VALUES(8, 14);INSERT INTO adds(recipeID, userID) VALUES(9, 18);INSERT INTO adds(recipeID, userID) VALUES(10, 7);/*======================================INSERTING Relationship: kitchen======================================*/INSERT INTO kitchen(ingredientID, userID) VALUES(23, 1);INSERT INTO kitchen(ingredientID, userID) VALUES(27, 1);INSERT INTO kitchen(ingredientID, userID) VALUES(9, 1);INSERT INTO kitchen(ingredientID, userID) VALUES(37, 2);INSERT INTO kitchen(ingredientID, userID) VALUES(35, 2);INSERT INTO kitchen(ingredientID, userID) VALUES(6, 2);INSERT INTO kitchen(ingredientID, userID) VALUES(39, 3);INSERT INTO kitchen(ingredientID, userID) VALUES(31, 4);INSERT INTO kitchen(ingredientID, userID) VALUES(32, 4);INSERT INTO kitchen(ingredientID, userID) VALUES(4, 4);INSERT INTO kitchen(ingredientID, userID) VALUES(38, 4);INSERT INTO kitchen(ingredientID, userID) VALUES(6, 5);INSERT INTO kitchen(ingredientID, userID) VALUES(23, 6);INSERT INTO kitchen(ingredientID, userID) VALUES(28, 7);INSERT INTO kitchen(ingredientID, userID) VALUES(35, 7);INSERT INTO kitchen(ingredientID, userID) VALUES(18, 7);INSERT INTO kitchen(ingredientID, userID) VALUES(9, 7);INSERT INTO kitchen(ingredientID, userID) VALUES(28, 8);INSERT INTO kitchen(ingredientID, userID) VALUES(30, 8);INSERT INTO kitchen(ingredientID, userID) VALUES(25, 8);INSERT INTO kitchen(ingredientID, userID) VALUES(11, 8);INSERT INTO kitchen(ingredientID, userID) VALUES(34, 9);INSERT INTO kitchen(ingredientID, userID) VALUES(22, 10);INSERT INTO kitchen(ingredientID, userID) VALUES(30, 10);INSERT INTO kitchen(ingredientID, userID) VALUES(29, 10);INSERT INTO kitchen(ingredientID, userID) VALUES(1, 11);INSERT INTO kitchen(ingredientID, userID) VALUES(37, 12);INSERT INTO kitchen(ingredientID, userID) VALUES(3, 12);INSERT INTO kitchen(ingredientID, userID) VALUES(31, 12);INSERT INTO kitchen(ingredientID, userID) VALUES(23, 13);INSERT INTO kitchen(ingredientID, userID) VALUES(22, 13);INSERT INTO kitchen(ingredientID, userID) VALUES(19, 13);INSERT INTO kitchen(ingredientID, userID) VALUES(22, 14);INSERT INTO kitchen(ingredientID, userID) VALUES(10, 14);INSERT INTO kitchen(ingredientID, userID) VALUES(6, 14);INSERT INTO kitchen(ingredientID, userID) VALUES(7, 15);INSERT INTO kitchen(ingredientID, userID) VALUES(39, 15);INSERT INTO kitchen(ingredientID, userID) VALUES(37, 16);INSERT INTO kitchen(ingredientID, userID) VALUES(2, 16);INSERT INTO kitchen(ingredientID, userID) VALUES(36, 16);INSERT INTO kitchen(ingredientID, userID) VALUES(19, 16);INSERT INTO kitchen(ingredientID, userID) VALUES(39, 17);INSERT INTO kitchen(ingredientID, userID) VALUES(35, 17);INSERT INTO kitchen(ingredientID, userID) VALUES(5, 18);INSERT INTO kitchen(ingredientID, userID) VALUES(26, 18);INSERT INTO kitchen(ingredientID, userID) VALUES(37, 19);INSERT INTO kitchen(ingredientID, userID) VALUES(21, 19);INSERT INTO kitchen(ingredientID, userID) VALUES(34, 19);INSERT INTO kitchen(ingredientID, userID) VALUES(38, 20);INSERT INTO kitchen(ingredientID, userID) VALUES(31, 20);/*======================================INSERTING MealPlan======================================*/INSERT INTO MealPlan(planName, dateCreated) VALUES("While summer.", "2021-03-25");INSERT INTO MealPlan(planName, dateCreated) VALUES("Operation.", "2021-04-01");INSERT INTO MealPlan(planName, dateCreated) VALUES("Include hour.", "2021-03-26");INSERT INTO MealPlan(planName, dateCreated) VALUES("Myself try.", "2021-03-27");INSERT INTO MealPlan(planName, dateCreated) VALUES("Heavy quality.", "2021-03-26");INSERT INTO MealPlan(planName, dateCreated) VALUES("Friend upon.", "2021-03-30");INSERT INTO MealPlan(planName, dateCreated) VALUES("Carry protect.", "2021-03-26");INSERT INTO MealPlan(planName, dateCreated) VALUES("They heavy.", "2021-03-12");INSERT INTO MealPlan(planName, dateCreated) VALUES("Idea Mr media.", "2021-03-06");INSERT INTO MealPlan(planName, dateCreated) VALUES("Perform design.", "2021-03-12");INSERT INTO MealPlan(planName, dateCreated) VALUES("Fund a by.", "2021-03-22");INSERT INTO MealPlan(planName, dateCreated) VALUES("Current let.", "2021-03-30");INSERT INTO MealPlan(planName, dateCreated) VALUES("There purpose.", "2021-03-22");INSERT INTO MealPlan(planName, dateCreated) VALUES("Must develop.", "2021-03-16");INSERT INTO MealPlan(planName, dateCreated) VALUES("Animal wide.", "2021-03-30");INSERT INTO MealPlan(planName, dateCreated) VALUES("Story society.", "2021-03-20");INSERT INTO MealPlan(planName, dateCreated) VALUES("Top floor.", "2021-03-13");INSERT INTO MealPlan(planName, dateCreated) VALUES("Avoid course.", "2021-03-26");/*======================================INSERTING Relationship: includes======================================*/INSERT INTO includes(mealPlanID, recipeID) VALUES(1, 2);INSERT INTO includes(mealPlanID, recipeID) VALUES(1, 10);INSERT INTO includes(mealPlanID, recipeID) VALUES(2, 1);INSERT INTO includes(mealPlanID, recipeID) VALUES(2, 2);INSERT INTO includes(mealPlanID, recipeID) VALUES(2, 5);INSERT INTO includes(mealPlanID, recipeID) VALUES(3, 6);INSERT INTO includes(mealPlanID, recipeID) VALUES(3, 2);INSERT INTO includes(mealPlanID, recipeID) VALUES(3, 10);INSERT INTO includes(mealPlanID, recipeID) VALUES(4, 8);INSERT INTO includes(mealPlanID, recipeID) VALUES(4, 4);INSERT INTO includes(mealPlanID, recipeID) VALUES(5, 7);INSERT INTO includes(mealPlanID, recipeID) VALUES(5, 4);INSERT INTO includes(mealPlanID, recipeID) VALUES(5, 2);INSERT INTO includes(mealPlanID, recipeID) VALUES(6, 10);INSERT INTO includes(mealPlanID, recipeID) VALUES(6, 3);INSERT INTO includes(mealPlanID, recipeID) VALUES(6, 7);INSERT INTO includes(mealPlanID, recipeID) VALUES(7, 2);INSERT INTO includes(mealPlanID, recipeID) VALUES(7, 9);INSERT INTO includes(mealPlanID, recipeID) VALUES(7, 3);INSERT INTO includes(mealPlanID, recipeID) VALUES(8, 8);INSERT INTO includes(mealPlanID, recipeID) VALUES(8, 5);INSERT INTO includes(mealPlanID, recipeID) VALUES(8, 7);INSERT INTO includes(mealPlanID, recipeID) VALUES(9, 9);INSERT INTO includes(mealPlanID, recipeID) VALUES(9, 6);INSERT INTO includes(mealPlanID, recipeID) VALUES(9, 4);INSERT INTO includes(mealPlanID, recipeID) VALUES(10, 2);INSERT INTO includes(mealPlanID, recipeID) VALUES(10, 10);INSERT INTO includes(mealPlanID, recipeID) VALUES(10, 9);INSERT INTO includes(mealPlanID, recipeID) VALUES(11, 7);INSERT INTO includes(mealPlanID, recipeID) VALUES(11, 9);INSERT INTO includes(mealPlanID, recipeID) VALUES(12, 8);INSERT INTO includes(mealPlanID, recipeID) VALUES(12, 4);INSERT INTO includes(mealPlanID, recipeID) VALUES(12, 3);INSERT INTO includes(mealPlanID, recipeID) VALUES(13, 1);INSERT INTO includes(mealPlanID, recipeID) VALUES(13, 3);INSERT INTO includes(mealPlanID, recipeID) VALUES(13, 10);INSERT INTO includes(mealPlanID, recipeID) VALUES(14, 5);INSERT INTO includes(mealPlanID, recipeID) VALUES(14, 6);INSERT INTO includes(mealPlanID, recipeID) VALUES(14, 2);INSERT INTO includes(mealPlanID, recipeID) VALUES(15, 5);INSERT INTO includes(mealPlanID, recipeID) VALUES(15, 6);INSERT INTO includes(mealPlanID, recipeID) VALUES(15, 3);INSERT INTO includes(mealPlanID, recipeID) VALUES(16, 5);INSERT INTO includes(mealPlanID, recipeID) VALUES(16, 7);INSERT INTO includes(mealPlanID, recipeID) VALUES(16, 8);INSERT INTO includes(mealPlanID, recipeID) VALUES(17, 10);INSERT INTO includes(mealPlanID, recipeID) VALUES(17, 2);INSERT INTO includes(mealPlanID, recipeID) VALUES(17, 9);INSERT INTO includes(mealPlanID, recipeID) VALUES(18, 9);INSERT INTO includes(mealPlanID, recipeID) VALUES(18, 10);/*======================================INSERTING Relationship: has======================================*/INSERT INTO has(mealPlanID, userID) VALUES(1, 20);INSERT INTO has(mealPlanID, userID) VALUES(2, 8);INSERT INTO has(mealPlanID, userID) VALUES(3, 17);INSERT INTO has(mealPlanID, userID) VALUES(4, 17);INSERT INTO has(mealPlanID, userID) VALUES(5, 16);INSERT INTO has(mealPlanID, userID) VALUES(6, 16);INSERT INTO has(mealPlanID, userID) VALUES(7, 20);INSERT INTO has(mealPlanID, userID) VALUES(8, 2);INSERT INTO has(mealPlanID, userID) VALUES(9, 4);INSERT INTO has(mealPlanID, userID) VALUES(10, 14);INSERT INTO has(mealPlanID, userID) VALUES(11, 11);INSERT INTO has(mealPlanID, userID) VALUES(12, 3);INSERT INTO has(mealPlanID, userID) VALUES(13, 7);INSERT INTO has(mealPlanID, userID) VALUES(14, 4);INSERT INTO has(mealPlanID, userID) VALUES(15, 16);INSERT INTO has(mealPlanID, userID) VALUES(16, 5);INSERT INTO has(mealPlanID, userID) VALUES(17, 5);INSERT INTO has(mealPlanID, userID) VALUES(18, 4);