DROP DATABASE IF EXISTS planner;CREATE DATABASE planner;USE planner;/*======================================CREATE STATEMENTS======================================*/CREATE TABLE Recipe(recipeID int auto_increment,creationDate date,recipeName varchar(255),preparationTime int,inputServing int,imageUpload varchar(255),calorieCount int,primary key(recipeID));CREATE TABLE MealPlan(mealPlanID int auto_increment,planName varchar(150),dateCreated date,primary key(mealPlanID));CREATE TABLE User(userID int auto_increment,fname varchar(50),lname varchar(50),username varchar(150),password varchar(255),primary key(userID));CREATE TABLE Ingredient(ingredientID int auto_increment,ingredientName varchar(255),primary key(ingredientID));CREATE TABLE Measurement(measurementID int auto_increment,quantity decimal(8,2),unit varchar(50),primary key(measurementID));CREATE TABLE Instruction(recipeID int,stepNumber int,direction varchar(255),primary key(recipeID, stepNumber),foreign key(recipeID) references Recipe(recipeID) on delete cascade);CREATE TABLE includes(mealPlanID int,recipeID int,primary key(mealPlanID, recipeID),foreign key(mealPlanID) references MealPlan(mealPlanID) on delete cascade,foreign key(recipeID) references Recipe(recipeID) on delete cascade);CREATE TABLE has(mealPlanID int,userID int,primary key(mealPlanID),foreign key(mealPlanID) references MealPlan(mealPlanID) on delete cascade,foreign key(userID) references User(userID) on delete cascade);CREATE TABLE kitchen(ingredientID int,userID int,primary key(ingredientID, userID),foreign key(ingredientID) references Ingredient(ingredientID) on delete cascade,foreign key(userID) references User(userID) on delete cascade);CREATE TABLE contains(recipeID int,ingredientID int,measurementID int,primary key(recipeID, ingredientID),foreign key(recipeID) references Recipe(recipeID) on delete cascade,foreign key(ingredientID) references Ingredient(ingredientID) on delete cascade,foreign key(measurementID) references Measurement(measurementID) on delete cascade);CREATE TABLE adds(recipeID int,userID int,primary key(userID, recipeID),foreign key(recipeID) references Recipe(recipeID) on delete cascade,foreign key(userID) references User(userID) on delete cascade);/*======================================INSERTING Measurements======================================*/INSERT INTO Measurement(measurementID, quantity, unit) VALUES(1, 0.25, "tbsp");INSERT INTO Measurement(measurementID, quantity, unit) VALUES(2, 0.50, "tbsp");INSERT INTO Measurement(measurementID, quantity, unit) VALUES(3, 0.75, "tbsp");INSERT INTO Measurement(measurementID, quantity, unit) VALUES(4, 1.00, "tbsp");INSERT INTO Measurement(measurementID, quantity, unit) VALUES(5, 1.50, "tbsp");INSERT INTO Measurement(measurementID, quantity, unit) VALUES(6, 2.00, "tbsp");INSERT INTO Measurement(measurementID, quantity, unit) VALUES(7, 2.25, "tbsp");INSERT INTO Measurement(measurementID, quantity, unit) VALUES(8, 4.00, "tbsp");INSERT INTO Measurement(measurementID, quantity, unit) VALUES(9, 6.00, "tbsp");INSERT INTO Measurement(measurementID, quantity, unit) VALUES(10, 8.00, "tbsp");INSERT INTO Measurement(measurementID, quantity, unit) VALUES(11, 0.25, "tsp");INSERT INTO Measurement(measurementID, quantity, unit) VALUES(12, 0.50, "tsp");INSERT INTO Measurement(measurementID, quantity, unit) VALUES(13, 0.75, "tsp");INSERT INTO Measurement(measurementID, quantity, unit) VALUES(14, 1.00, "tsp");INSERT INTO Measurement(measurementID, quantity, unit) VALUES(15, 1.50, "tsp");INSERT INTO Measurement(measurementID, quantity, unit) VALUES(16, 2.00, "tsp");INSERT INTO Measurement(measurementID, quantity, unit) VALUES(17, 2.25, "tsp");INSERT INTO Measurement(measurementID, quantity, unit) VALUES(18, 4.00, "tsp");INSERT INTO Measurement(measurementID, quantity, unit) VALUES(19, 6.00, "tsp");INSERT INTO Measurement(measurementID, quantity, unit) VALUES(20, 8.00, "tsp");INSERT INTO Measurement(measurementID, quantity, unit) VALUES(21, 0.25, "cups");INSERT INTO Measurement(measurementID, quantity, unit) VALUES(22, 0.50, "cups");INSERT INTO Measurement(measurementID, quantity, unit) VALUES(23, 0.75, "cups");INSERT INTO Measurement(measurementID, quantity, unit) VALUES(24, 1.00, "cups");INSERT INTO Measurement(measurementID, quantity, unit) VALUES(25, 1.50, "cups");INSERT INTO Measurement(measurementID, quantity, unit) VALUES(26, 2.00, "cups");INSERT INTO Measurement(measurementID, quantity, unit) VALUES(27, 2.25, "cups");INSERT INTO Measurement(measurementID, quantity, unit) VALUES(28, 4.00, "cups");INSERT INTO Measurement(measurementID, quantity, unit) VALUES(29, 6.00, "cups");INSERT INTO Measurement(measurementID, quantity, unit) VALUES(30, 8.00, "cups");INSERT INTO Measurement(measurementID, quantity, unit) VALUES(31, 0.25, "pds");INSERT INTO Measurement(measurementID, quantity, unit) VALUES(32, 0.50, "pds");INSERT INTO Measurement(measurementID, quantity, unit) VALUES(33, 0.75, "pds");INSERT INTO Measurement(measurementID, quantity, unit) VALUES(34, 1.00, "pds");INSERT INTO Measurement(measurementID, quantity, unit) VALUES(35, 1.50, "pds");INSERT INTO Measurement(measurementID, quantity, unit) VALUES(36, 2.00, "pds");INSERT INTO Measurement(measurementID, quantity, unit) VALUES(37, 2.25, "pds");INSERT INTO Measurement(measurementID, quantity, unit) VALUES(38, 4.00, "pds");INSERT INTO Measurement(measurementID, quantity, unit) VALUES(39, 6.00, "pds");INSERT INTO Measurement(measurementID, quantity, unit) VALUES(40, 8.00, "pds");INSERT INTO Measurement(measurementID, quantity, unit) VALUES(41, 0.25, "oz");INSERT INTO Measurement(measurementID, quantity, unit) VALUES(42, 0.50, "oz");INSERT INTO Measurement(measurementID, quantity, unit) VALUES(43, 0.75, "oz");INSERT INTO Measurement(measurementID, quantity, unit) VALUES(44, 1.00, "oz");INSERT INTO Measurement(measurementID, quantity, unit) VALUES(45, 1.50, "oz");INSERT INTO Measurement(measurementID, quantity, unit) VALUES(46, 2.00, "oz");INSERT INTO Measurement(measurementID, quantity, unit) VALUES(47, 2.25, "oz");INSERT INTO Measurement(measurementID, quantity, unit) VALUES(48, 4.00, "oz");INSERT INTO Measurement(measurementID, quantity, unit) VALUES(49, 6.00, "oz");INSERT INTO Measurement(measurementID, quantity, unit) VALUES(50, 8.00, "oz");INSERT INTO Measurement(measurementID, quantity, unit) VALUES(51, 0.25, "whole");INSERT INTO Measurement(measurementID, quantity, unit) VALUES(52, 0.50, "whole");INSERT INTO Measurement(measurementID, quantity, unit) VALUES(53, 0.75, "whole");INSERT INTO Measurement(measurementID, quantity, unit) VALUES(54, 1.00, "whole");INSERT INTO Measurement(measurementID, quantity, unit) VALUES(55, 1.50, "whole");INSERT INTO Measurement(measurementID, quantity, unit) VALUES(56, 2.00, "whole");INSERT INTO Measurement(measurementID, quantity, unit) VALUES(57, 2.25, "whole");INSERT INTO Measurement(measurementID, quantity, unit) VALUES(58, 4.00, "whole");INSERT INTO Measurement(measurementID, quantity, unit) VALUES(59, 6.00, "whole");INSERT INTO Measurement(measurementID, quantity, unit) VALUES(60, 8.00, "whole");/*======================================INSERTING Ingredients======================================*/INSERT INTO Ingredient(ingredientID, ingredientName) VALUES(1, "Molasses");INSERT INTO Ingredient(ingredientID, ingredientName) VALUES(2, "Almond");INSERT INTO Ingredient(ingredientID, ingredientName) VALUES(3, "Pecans");INSERT INTO Ingredient(ingredientID, ingredientName) VALUES(4, "Plum Tomato");INSERT INTO Ingredient(ingredientID, ingredientName) VALUES(5, "Cashew Nut");INSERT INTO Ingredient(ingredientID, ingredientName) VALUES(6, "Apple");INSERT INTO Ingredient(ingredientID, ingredientName) VALUES(7, "Legume");INSERT INTO Ingredient(ingredientID, ingredientName) VALUES(8, "Curry Paste");INSERT INTO Ingredient(ingredientID, ingredientName) VALUES(9, "Barbecue Sauce");INSERT INTO Ingredient(ingredientID, ingredientName) VALUES(10, "Chilli Flake");INSERT INTO Ingredient(ingredientID, ingredientName) VALUES(11, "Lemon");INSERT INTO Ingredient(ingredientID, ingredientName) VALUES(12, "Endive");INSERT INTO Ingredient(ingredientID, ingredientName) VALUES(13, "Kale");INSERT INTO Ingredient(ingredientID, ingredientName) VALUES(14, "Torte");INSERT INTO Ingredient(ingredientID, ingredientName) VALUES(15, "Salt");INSERT INTO Ingredient(ingredientID, ingredientName) VALUES(16, "Cashew");INSERT INTO Ingredient(ingredientID, ingredientName) VALUES(17, "Honeydew Melon");INSERT INTO Ingredient(ingredientID, ingredientName) VALUES(18, "Rice Paper");INSERT INTO Ingredient(ingredientID, ingredientName) VALUES(19, "Pea");INSERT INTO Ingredient(ingredientID, ingredientName) VALUES(20, "Saffron");INSERT INTO Ingredient(ingredientID, ingredientName) VALUES(21, "Berry");INSERT INTO Ingredient(ingredientID, ingredientName) VALUES(22, "Soy Ice Cream");INSERT INTO Ingredient(ingredientID, ingredientName) VALUES(23, "Rice");INSERT INTO Ingredient(ingredientID, ingredientName) VALUES(24, "Brussels Sprout");INSERT INTO Ingredient(ingredientID, ingredientName) VALUES(25, "Pretzel");INSERT INTO Ingredient(ingredientID, ingredientName) VALUES(26, "Guava");INSERT INTO Ingredient(ingredientID, ingredientName) VALUES(27, "Pumpernickel");INSERT INTO Ingredient(ingredientID, ingredientName) VALUES(28, "Flax Seed");INSERT INTO Ingredient(ingredientID, ingredientName) VALUES(29, "Jackfruit");INSERT INTO Ingredient(ingredientID, ingredientName) VALUES(30, "Chives");INSERT INTO Ingredient(ingredientID, ingredientName) VALUES(31, "Durian");INSERT INTO Ingredient(ingredientID, ingredientName) VALUES(32, "Raisin");INSERT INTO Ingredient(ingredientID, ingredientName) VALUES(33, "Snow Pea");INSERT INTO Ingredient(ingredientID, ingredientName) VALUES(34, "Cornflake");INSERT INTO Ingredient(ingredientID, ingredientName) VALUES(35, "Bran");INSERT INTO Ingredient(ingredientID, ingredientName) VALUES(36, "Blackberry");INSERT INTO Ingredient(ingredientID, ingredientName) VALUES(37, "Pear");INSERT INTO Ingredient(ingredientID, ingredientName) VALUES(38, "Cucumber");INSERT INTO Ingredient(ingredientID, ingredientName) VALUES(39, "Cornstarch");INSERT INTO Ingredient(ingredientID, ingredientName) VALUES(40, "Jalapeno");INSERT INTO Ingredient(ingredientID, ingredientName) VALUES(41, "Chicken");INSERT INTO Ingredient(ingredientID, ingredientName) VALUES(42, "Pork");/*======================================INSERTING 250,000 USERS======================================*/INSERT INTO User(fname,lname,username,password) VALUES("Amy", "Riley", "garcialauren", "70VgWokhOC");INSERT INTO User(fname,lname,username,password) VALUES("Daniel", "Acevedo", "hrivera", "bU6e2Nzn4N");INSERT INTO User(fname,lname,username,password) VALUES("Kevin", "Gallagher", "tristanbrown", "ZLb7rYDY6u");INSERT INTO User(fname,lname,username,password) VALUES("Wanda", "Jacobs", "moorekelly", "U7IEvWqaD2");INSERT INTO User(fname,lname,username,password) VALUES("John", "Tapia", "scottelizabeth", "C0GpXN0nW6");INSERT INTO User(fname,lname,username,password) VALUES("Beth", "Pierce", "josephvillarreal", "ACQ8vbVX6Q");INSERT INTO User(fname,lname,username,password) VALUES("James", "Robertson", "alexgentry", "9OTdy6ijnX");INSERT INTO User(fname,lname,username,password) VALUES("David", "Thomas", "howardshannon", "6LhAl4ruye");INSERT INTO User(fname,lname,username,password) VALUES("Cassandra", "Alexander", "hperez", "liCHk9Ocv3");INSERT INTO User(fname,lname,username,password) VALUES("Andrea", "Castro", "amber15", "32J9PZeNEW");INSERT INTO User(fname,lname,username,password) VALUES("Michael", "Reid", "mcdowelltiffany", "BpEZGzE88e");INSERT INTO User(fname,lname,username,password) VALUES("Cody", "Hayes", "jesserodriguez", "6MeeEg2ktq");INSERT INTO User(fname,lname,username,password) VALUES("Sean", "Lloyd", "yvettekennedy", "t6YNlnY3xY");INSERT INTO User(fname,lname,username,password) VALUES("Richard", "Fitzgerald", "robertraymond", "CkciIt3f4i");INSERT INTO User(fname,lname,username,password) VALUES("Lori", "Gonzalez", "tarabell", "1qGcnevpPW");INSERT INTO User(fname,lname,username,password) VALUES("Kristin", "Berry", "lorimorse", "48uXVhlLx0");INSERT INTO User(fname,lname,username,password) VALUES("Vanessa", "Werner", "johnsonlaura", "9rht5xWvLo");INSERT INTO User(fname,lname,username,password) VALUES("Robert", "Brooks", "nguyenshawn", "ShG7fxr1Y4");INSERT INTO User(fname,lname,username,password) VALUES("Caroline", "Jackson", "thomasjones", "hnzKMhbk57");INSERT INTO User(fname,lname,username,password) VALUES("Elizabeth", "Luna", "snyderhoward", "tcCTNiGc80");/*======================================INSERTING 600,000 Recipes and Connections======================================*/INSERT INTO Recipe(recipeID, creationDate, recipeName, preparationTime, inputServing, imageUpload, calorieCount) VALUES(1, "2021-03-12", "Buttered Herbal Plum Tomato Pudding", 56, 6, "https://www.lorempixel.com/128/597", 2684);INSERT INTO Recipe(recipeID, creationDate, recipeName, preparationTime, inputServing, imageUpload, calorieCount) VALUES(2, "2021-03-06", "Jerked Creamed Pork Alfredo", 107, 8, "https://placeimg.com/765/905/any", 6489);INSERT INTO Recipe(recipeID, creationDate, recipeName, preparationTime, inputServing, imageUpload, calorieCount) VALUES(3, "2021-03-30", "Steamed Roasted Almond Alfredo", 97, 5, "https://placekitten.com/505/298", 825);INSERT INTO Recipe(recipeID, creationDate, recipeName, preparationTime, inputServing, imageUpload, calorieCount) VALUES(4, "2021-03-07", "Carved Curried Berry", 265, 7, "https://dummyimage.com/150x405", 359);INSERT INTO Recipe(recipeID, creationDate, recipeName, preparationTime, inputServing, imageUpload, calorieCount) VALUES(5, "2021-03-22", "Chunky Jerked Jackfruit Tart", 203, 4, "https://dummyimage.com/853x716", 236);INSERT INTO Recipe(recipeID, creationDate, recipeName, preparationTime, inputServing, imageUpload, calorieCount) VALUES(6, "2021-03-18", "Chunky Herbal Cornflake", 141, 9, "https://placeimg.com/104/999/any", 6476);INSERT INTO Recipe(recipeID, creationDate, recipeName, preparationTime, inputServing, imageUpload, calorieCount) VALUES(7, "2021-03-06", "Sprinkled Fried Rice Paper Juice", 199, 7, "https://placekitten.com/24/178", 989);INSERT INTO Recipe(recipeID, creationDate, recipeName, preparationTime, inputServing, imageUpload, calorieCount) VALUES(8, "2021-04-03", "Blended Sprinkled Pork Soup", 131, 9, "https://placekitten.com/137/807", 5829);INSERT INTO Recipe(recipeID, creationDate, recipeName, preparationTime, inputServing, imageUpload, calorieCount) VALUES(9, "2021-04-01", "Whisked Creamed Raisin Juice", 214, 5, "https://placekitten.com/846/706", 1884);INSERT INTO Recipe(recipeID, creationDate, recipeName, preparationTime, inputServing, imageUpload, calorieCount) VALUES(10, "2021-03-08", "Roasted Juiced Durian", 300, 6, "https://placeimg.com/524/821/any", 5250);/*======================================INSERTING Relationship: contains======================================*/INSERT INTO contains(recipeID, ingredientID, measurementID) VALUES(1, 4, 1);INSERT INTO contains(recipeID, ingredientID, measurementID) VALUES(1, 34, 1);INSERT INTO contains(recipeID, ingredientID, measurementID) VALUES(1, 26, 32);INSERT INTO contains(recipeID, ingredientID, measurementID) VALUES(2, 42, 43);INSERT INTO contains(recipeID, ingredientID, measurementID) VALUES(2, 39, 35);INSERT INTO contains(recipeID, ingredientID, measurementID) VALUES(2, 12, 6);INSERT INTO contains(recipeID, ingredientID, measurementID) VALUES(2, 19, 17);INSERT INTO contains(recipeID, ingredientID, measurementID) VALUES(3, 2, 21);INSERT INTO contains(recipeID, ingredientID, measurementID) VALUES(3, 41, 11);INSERT INTO contains(recipeID, ingredientID, measurementID) VALUES(3, 10, 37);INSERT INTO contains(recipeID, ingredientID, measurementID) VALUES(4, 21, 16);INSERT INTO contains(recipeID, ingredientID, measurementID) VALUES(4, 35, 58);INSERT INTO contains(recipeID, ingredientID, measurementID) VALUES(4, 18, 40);INSERT INTO contains(recipeID, ingredientID, measurementID) VALUES(5, 29, 8);INSERT INTO contains(recipeID, ingredientID, measurementID) VALUES(5, 40, 49);INSERT INTO contains(recipeID, ingredientID, measurementID) VALUES(5, 15, 24);INSERT INTO contains(recipeID, ingredientID, measurementID) VALUES(6, 34, 59);INSERT INTO contains(recipeID, ingredientID, measurementID) VALUES(6, 20, 51);INSERT INTO contains(recipeID, ingredientID, measurementID) VALUES(7, 18, 44);INSERT INTO contains(recipeID, ingredientID, measurementID) VALUES(7, 36, 16);INSERT INTO contains(recipeID, ingredientID, measurementID) VALUES(8, 42, 32);INSERT INTO contains(recipeID, ingredientID, measurementID) VALUES(8, 4, 56);INSERT INTO contains(recipeID, ingredientID, measurementID) VALUES(8, 41, 47);INSERT INTO contains(recipeID, ingredientID, measurementID) VALUES(9, 32, 23);INSERT INTO contains(recipeID, ingredientID, measurementID) VALUES(9, 10, 15);INSERT INTO contains(recipeID, ingredientID, measurementID) VALUES(9, 6, 10);INSERT INTO contains(recipeID, ingredientID, measurementID) VALUES(9, 19, 32);INSERT INTO contains(recipeID, ingredientID, measurementID) VALUES(10, 31, 32);INSERT INTO contains(recipeID, ingredientID, measurementID) VALUES(10, 28, 54);INSERT INTO contains(recipeID, ingredientID, measurementID) VALUES(10, 38, 43);/*======================================INSERTING Instructions======================================*/INSERT INTO Instruction(recipeID, stepNumber, direction) VALUES(1, 1, "Weight water they name sit owner course.");INSERT INTO Instruction(recipeID, stepNumber, direction) VALUES(1, 2, "Let choose each surface will. Poor hold indeed expert will staff.");INSERT INTO Instruction(recipeID, stepNumber, direction) VALUES(1, 3, "Whole film over visit guy nor.");INSERT INTO Instruction(recipeID, stepNumber, direction) VALUES(2, 1, "Win wish break project phone officer example. We business month between control campaign effect.");INSERT INTO Instruction(recipeID, stepNumber, direction) VALUES(2, 2, "Ball development trouble president very memory big change. Church class lay surface room.");INSERT INTO Instruction(recipeID, stepNumber, direction) VALUES(2, 3, "Thing blood board partner identify bad down. Person company majority short military.");INSERT INTO Instruction(recipeID, stepNumber, direction) VALUES(3, 1, "Model high behind sing anyone condition. Section our create tough hair reason.");INSERT INTO Instruction(recipeID, stepNumber, direction) VALUES(3, 2, "Minute social room order store.");INSERT INTO Instruction(recipeID, stepNumber, direction) VALUES(4, 1, "Feeling eat than short expect government more. Performance goal somebody practice apply myself room letter.");INSERT INTO Instruction(recipeID, stepNumber, direction) VALUES(4, 2, "Thus herself community reduce up type money.");INSERT INTO Instruction(recipeID, stepNumber, direction) VALUES(4, 3, "Last successful war under difficult assume president. Require opportunity mother a magazine since view.");INSERT INTO Instruction(recipeID, stepNumber, direction) VALUES(5, 1, "Speech series film drug suggest.");INSERT INTO Instruction(recipeID, stepNumber, direction) VALUES(5, 2, "Wide different pick lay any break seek.");INSERT INTO Instruction(recipeID, stepNumber, direction) VALUES(5, 3, "Suddenly color American authority building.");INSERT INTO Instruction(recipeID, stepNumber, direction) VALUES(6, 1, "Fact she I sing fast. Word beyond certainly under smile.");INSERT INTO Instruction(recipeID, stepNumber, direction) VALUES(7, 1, "Mr task say wonder so himself. Rest join soon newspaper simple.");INSERT INTO Instruction(recipeID, stepNumber, direction) VALUES(8, 1, "Assume political but important much suffer. Not task catch.");INSERT INTO Instruction(recipeID, stepNumber, direction) VALUES(9, 1, "Language organization relate land. Off time ahead could itself but smile.");INSERT INTO Instruction(recipeID, stepNumber, direction) VALUES(10, 1, "Of everything ten. Middle describe college wide inside.");INSERT INTO Instruction(recipeID, stepNumber, direction) VALUES(10, 2, "National someone speech civil believe you. Today road itself cell save coach home.");/*======================================INSERTING Relationship: adds======================================*/INSERT INTO adds(recipeID, userID) VALUES(1, 10);INSERT INTO adds(recipeID, userID) VALUES(2, 6);INSERT INTO adds(recipeID, userID) VALUES(3, 18);INSERT INTO adds(recipeID, userID) VALUES(4, 9);INSERT INTO adds(recipeID, userID) VALUES(5, 8);INSERT INTO adds(recipeID, userID) VALUES(6, 20);INSERT INTO adds(recipeID, userID) VALUES(7, 4);INSERT INTO adds(recipeID, userID) VALUES(8, 2);INSERT INTO adds(recipeID, userID) VALUES(9, 19);INSERT INTO adds(recipeID, userID) VALUES(10, 13);/*======================================INSERTING Relationship: kitchen======================================*/INSERT INTO kitchen(ingredientID, userID) VALUES(28, 1);INSERT INTO kitchen(ingredientID, userID) VALUES(16, 1);INSERT INTO kitchen(ingredientID, userID) VALUES(38, 1);INSERT INTO kitchen(ingredientID, userID) VALUES(6, 1);INSERT INTO kitchen(ingredientID, userID) VALUES(22, 2);INSERT INTO kitchen(ingredientID, userID) VALUES(1, 2);INSERT INTO kitchen(ingredientID, userID) VALUES(9, 2);INSERT INTO kitchen(ingredientID, userID) VALUES(37, 2);INSERT INTO kitchen(ingredientID, userID) VALUES(10, 3);INSERT INTO kitchen(ingredientID, userID) VALUES(42, 3);INSERT INTO kitchen(ingredientID, userID) VALUES(17, 3);INSERT INTO kitchen(ingredientID, userID) VALUES(33, 3);INSERT INTO kitchen(ingredientID, userID) VALUES(19, 4);INSERT INTO kitchen(ingredientID, userID) VALUES(6, 4);INSERT INTO kitchen(ingredientID, userID) VALUES(37, 4);INSERT INTO kitchen(ingredientID, userID) VALUES(36, 5);INSERT INTO kitchen(ingredientID, userID) VALUES(4, 6);INSERT INTO kitchen(ingredientID, userID) VALUES(38, 6);INSERT INTO kitchen(ingredientID, userID) VALUES(20, 6);INSERT INTO kitchen(ingredientID, userID) VALUES(29, 7);INSERT INTO kitchen(ingredientID, userID) VALUES(37, 7);INSERT INTO kitchen(ingredientID, userID) VALUES(35, 7);INSERT INTO kitchen(ingredientID, userID) VALUES(30, 7);INSERT INTO kitchen(ingredientID, userID) VALUES(19, 8);INSERT INTO kitchen(ingredientID, userID) VALUES(34, 8);INSERT INTO kitchen(ingredientID, userID) VALUES(37, 8);INSERT INTO kitchen(ingredientID, userID) VALUES(26, 8);INSERT INTO kitchen(ingredientID, userID) VALUES(22, 9);INSERT INTO kitchen(ingredientID, userID) VALUES(32, 9);INSERT INTO kitchen(ingredientID, userID) VALUES(17, 9);INSERT INTO kitchen(ingredientID, userID) VALUES(37, 9);INSERT INTO kitchen(ingredientID, userID) VALUES(33, 10);INSERT INTO kitchen(ingredientID, userID) VALUES(26, 11);INSERT INTO kitchen(ingredientID, userID) VALUES(30, 11);INSERT INTO kitchen(ingredientID, userID) VALUES(18, 12);INSERT INTO kitchen(ingredientID, userID) VALUES(15, 12);INSERT INTO kitchen(ingredientID, userID) VALUES(23, 13);INSERT INTO kitchen(ingredientID, userID) VALUES(36, 13);INSERT INTO kitchen(ingredientID, userID) VALUES(11, 13);INSERT INTO kitchen(ingredientID, userID) VALUES(29, 14);INSERT INTO kitchen(ingredientID, userID) VALUES(13, 14);INSERT INTO kitchen(ingredientID, userID) VALUES(15, 14);INSERT INTO kitchen(ingredientID, userID) VALUES(27, 15);INSERT INTO kitchen(ingredientID, userID) VALUES(19, 16);INSERT INTO kitchen(ingredientID, userID) VALUES(32, 16);INSERT INTO kitchen(ingredientID, userID) VALUES(25, 17);INSERT INTO kitchen(ingredientID, userID) VALUES(32, 17);INSERT INTO kitchen(ingredientID, userID) VALUES(36, 18);INSERT INTO kitchen(ingredientID, userID) VALUES(34, 19);INSERT INTO kitchen(ingredientID, userID) VALUES(14, 19);INSERT INTO kitchen(ingredientID, userID) VALUES(39, 19);INSERT INTO kitchen(ingredientID, userID) VALUES(15, 20);INSERT INTO kitchen(ingredientID, userID) VALUES(4, 20);/*======================================INSERTING MealPlan======================================*/INSERT INTO MealPlan(planName, dateCreated) VALUES("Notice.", "2021-03-19");INSERT INTO MealPlan(planName, dateCreated) VALUES("Piece.", "2021-03-11");INSERT INTO MealPlan(planName, dateCreated) VALUES("Report table.", "2021-03-24");INSERT INTO MealPlan(planName, dateCreated) VALUES("Take do way.", "2021-03-15");/*======================================INSERTING Relationship: includes======================================*/INSERT INTO includes(mealPlanID, recipeID) VALUES(1, 4);INSERT INTO includes(mealPlanID, recipeID) VALUES(1, 7);INSERT INTO includes(mealPlanID, recipeID) VALUES(1, 2);INSERT INTO includes(mealPlanID, recipeID) VALUES(2, 1);INSERT INTO includes(mealPlanID, recipeID) VALUES(2, 5);INSERT INTO includes(mealPlanID, recipeID) VALUES(2, 6);INSERT INTO includes(mealPlanID, recipeID) VALUES(3, 5);INSERT INTO includes(mealPlanID, recipeID) VALUES(3, 7);INSERT INTO includes(mealPlanID, recipeID) VALUES(3, 1);INSERT INTO includes(mealPlanID, recipeID) VALUES(4, 7);INSERT INTO includes(mealPlanID, recipeID) VALUES(4, 9);INSERT INTO includes(mealPlanID, recipeID) VALUES(4, 2);/*======================================INSERTING Relationship: has======================================*/INSERT INTO has(mealPlanID, userID) VALUES(1, 10);INSERT INTO has(mealPlanID, userID) VALUES(2, 16);INSERT INTO has(mealPlanID, userID) VALUES(3, 9);INSERT INTO has(mealPlanID, userID) VALUES(4, 11);