DROP DATABASE IF EXISTS planner;CREATE DATABASE planner;USE planner;/*======================================CREATE STATEMENTS======================================*/CREATE TABLE Recipe(recipeID int auto_increment,creationDate date default CURRENT_DATE,recipeName varchar(255),preparationTime int,inputServing int,imageUpload varchar(255),calorieCount int,primary key(recipeID));CREATE TABLE MealPlan(mealPlanID int auto_increment,planName varchar(150),dateCreated date default CURRENT_DATE,primary key(mealPlanID));CREATE TABLE User(userID int auto_increment,fname varchar(50),lname varchar(50),username varchar(150),password varchar(255),primary key(userID));CREATE TABLE Ingredient(ingredientID int auto_increment,ingredientName varchar(255),primary key(ingredientID));CREATE TABLE Measurement(measurementID int auto_increment,quantity decimal(8,2),unit varchar(50),primary key(measurementID));CREATE TABLE Instruction(recipeID int,stepNumber int,direction varchar(255),primary key(recipeID, stepNumber),foreign key(recipeID) references Recipe(recipeID) on delete cascade);CREATE TABLE includes(mealPlanID int,recipeID int,primary key(mealPlanID, recipeID),foreign key(mealPlanID) references MealPlan(mealPlanID) on delete cascade,foreign key(recipeID) references Recipe(recipeID) on delete cascade);CREATE TABLE has(mealPlanID int,userID int,primary key(mealPlanID),foreign key(mealPlanID) references MealPlan(mealPlanID) on delete cascade,foreign key(userID) references User(userID) on delete cascade);CREATE TABLE kitchen(ingredientID int,userID int,primary key(ingredientID, userID),foreign key(ingredientID) references Ingredient(ingredientID) on delete cascade,foreign key(userID) references User(userID) on delete cascade);CREATE TABLE contains(recipeID int,ingredientID int,measurementID int,primary key(recipeID, ingredientID),foreign key(recipeID) references Recipe(recipeID) on delete cascade,foreign key(ingredientID) references Ingredient(ingredientID) on delete cascade,foreign key(measurementID) references Measurement(measurementID) on delete cascade);CREATE TABLE adds(recipeID int,userID int,primary key(userID, recipeID),foreign key(recipeID) references Recipe(recipeID) on delete cascade,foreign key(userID) references User(userID) on delete cascade);/*======================================INSERTING Measurements======================================*/INSERT INTO Measurement(measurementID, quantity, unit) VALUES(1, 0.25, "tbsp");INSERT INTO Measurement(measurementID, quantity, unit) VALUES(2, 0.50, "tbsp");INSERT INTO Measurement(measurementID, quantity, unit) VALUES(3, 0.75, "tbsp");INSERT INTO Measurement(measurementID, quantity, unit) VALUES(4, 1.00, "tbsp");INSERT INTO Measurement(measurementID, quantity, unit) VALUES(5, 1.50, "tbsp");INSERT INTO Measurement(measurementID, quantity, unit) VALUES(6, 2.00, "tbsp");INSERT INTO Measurement(measurementID, quantity, unit) VALUES(7, 2.25, "tbsp");INSERT INTO Measurement(measurementID, quantity, unit) VALUES(8, 4.00, "tbsp");INSERT INTO Measurement(measurementID, quantity, unit) VALUES(9, 6.00, "tbsp");INSERT INTO Measurement(measurementID, quantity, unit) VALUES(10, 8.00, "tbsp");INSERT INTO Measurement(measurementID, quantity, unit) VALUES(11, 0.25, "tsp");INSERT INTO Measurement(measurementID, quantity, unit) VALUES(12, 0.50, "tsp");INSERT INTO Measurement(measurementID, quantity, unit) VALUES(13, 0.75, "tsp");INSERT INTO Measurement(measurementID, quantity, unit) VALUES(14, 1.00, "tsp");INSERT INTO Measurement(measurementID, quantity, unit) VALUES(15, 1.50, "tsp");INSERT INTO Measurement(measurementID, quantity, unit) VALUES(16, 2.00, "tsp");INSERT INTO Measurement(measurementID, quantity, unit) VALUES(17, 2.25, "tsp");INSERT INTO Measurement(measurementID, quantity, unit) VALUES(18, 4.00, "tsp");INSERT INTO Measurement(measurementID, quantity, unit) VALUES(19, 6.00, "tsp");INSERT INTO Measurement(measurementID, quantity, unit) VALUES(20, 8.00, "tsp");INSERT INTO Measurement(measurementID, quantity, unit) VALUES(21, 0.25, "cups");INSERT INTO Measurement(measurementID, quantity, unit) VALUES(22, 0.50, "cups");INSERT INTO Measurement(measurementID, quantity, unit) VALUES(23, 0.75, "cups");INSERT INTO Measurement(measurementID, quantity, unit) VALUES(24, 1.00, "cups");INSERT INTO Measurement(measurementID, quantity, unit) VALUES(25, 1.50, "cups");INSERT INTO Measurement(measurementID, quantity, unit) VALUES(26, 2.00, "cups");INSERT INTO Measurement(measurementID, quantity, unit) VALUES(27, 2.25, "cups");INSERT INTO Measurement(measurementID, quantity, unit) VALUES(28, 4.00, "cups");INSERT INTO Measurement(measurementID, quantity, unit) VALUES(29, 6.00, "cups");INSERT INTO Measurement(measurementID, quantity, unit) VALUES(30, 8.00, "cups");INSERT INTO Measurement(measurementID, quantity, unit) VALUES(31, 0.25, "pds");INSERT INTO Measurement(measurementID, quantity, unit) VALUES(32, 0.50, "pds");INSERT INTO Measurement(measurementID, quantity, unit) VALUES(33, 0.75, "pds");INSERT INTO Measurement(measurementID, quantity, unit) VALUES(34, 1.00, "pds");INSERT INTO Measurement(measurementID, quantity, unit) VALUES(35, 1.50, "pds");INSERT INTO Measurement(measurementID, quantity, unit) VALUES(36, 2.00, "pds");INSERT INTO Measurement(measurementID, quantity, unit) VALUES(37, 2.25, "pds");INSERT INTO Measurement(measurementID, quantity, unit) VALUES(38, 4.00, "pds");INSERT INTO Measurement(measurementID, quantity, unit) VALUES(39, 6.00, "pds");INSERT INTO Measurement(measurementID, quantity, unit) VALUES(40, 8.00, "pds");INSERT INTO Measurement(measurementID, quantity, unit) VALUES(41, 0.25, "oz");INSERT INTO Measurement(measurementID, quantity, unit) VALUES(42, 0.50, "oz");INSERT INTO Measurement(measurementID, quantity, unit) VALUES(43, 0.75, "oz");INSERT INTO Measurement(measurementID, quantity, unit) VALUES(44, 1.00, "oz");INSERT INTO Measurement(measurementID, quantity, unit) VALUES(45, 1.50, "oz");INSERT INTO Measurement(measurementID, quantity, unit) VALUES(46, 2.00, "oz");INSERT INTO Measurement(measurementID, quantity, unit) VALUES(47, 2.25, "oz");INSERT INTO Measurement(measurementID, quantity, unit) VALUES(48, 4.00, "oz");INSERT INTO Measurement(measurementID, quantity, unit) VALUES(49, 6.00, "oz");INSERT INTO Measurement(measurementID, quantity, unit) VALUES(50, 8.00, "oz");INSERT INTO Measurement(measurementID, quantity, unit) VALUES(51, 0.25, "whole");INSERT INTO Measurement(measurementID, quantity, unit) VALUES(52, 0.50, "whole");INSERT INTO Measurement(measurementID, quantity, unit) VALUES(53, 0.75, "whole");INSERT INTO Measurement(measurementID, quantity, unit) VALUES(54, 1.00, "whole");INSERT INTO Measurement(measurementID, quantity, unit) VALUES(55, 1.50, "whole");INSERT INTO Measurement(measurementID, quantity, unit) VALUES(56, 2.00, "whole");INSERT INTO Measurement(measurementID, quantity, unit) VALUES(57, 2.25, "whole");INSERT INTO Measurement(measurementID, quantity, unit) VALUES(58, 4.00, "whole");INSERT INTO Measurement(measurementID, quantity, unit) VALUES(59, 6.00, "whole");INSERT INTO Measurement(measurementID, quantity, unit) VALUES(60, 8.00, "whole");/*======================================INSERTING Ingredients======================================*/INSERT INTO Ingredient(ingredientID, ingredientName) VALUES(1, "Molasses");INSERT INTO Ingredient(ingredientID, ingredientName) VALUES(2, "Almond");INSERT INTO Ingredient(ingredientID, ingredientName) VALUES(3, "Pecans");INSERT INTO Ingredient(ingredientID, ingredientName) VALUES(4, "Plum Tomato");INSERT INTO Ingredient(ingredientID, ingredientName) VALUES(5, "Cashew Nut");INSERT INTO Ingredient(ingredientID, ingredientName) VALUES(6, "Apple");INSERT INTO Ingredient(ingredientID, ingredientName) VALUES(7, "Legume");INSERT INTO Ingredient(ingredientID, ingredientName) VALUES(8, "Curry Paste");INSERT INTO Ingredient(ingredientID, ingredientName) VALUES(9, "Barbecue Sauce");INSERT INTO Ingredient(ingredientID, ingredientName) VALUES(10, "Chilli Flake");INSERT INTO Ingredient(ingredientID, ingredientName) VALUES(11, "Lemon");INSERT INTO Ingredient(ingredientID, ingredientName) VALUES(12, "Endive");INSERT INTO Ingredient(ingredientID, ingredientName) VALUES(13, "Kale");INSERT INTO Ingredient(ingredientID, ingredientName) VALUES(14, "Torte");INSERT INTO Ingredient(ingredientID, ingredientName) VALUES(15, "Salt");INSERT INTO Ingredient(ingredientID, ingredientName) VALUES(16, "Cashew");INSERT INTO Ingredient(ingredientID, ingredientName) VALUES(17, "Honeydew Melon");INSERT INTO Ingredient(ingredientID, ingredientName) VALUES(18, "Rice Paper");INSERT INTO Ingredient(ingredientID, ingredientName) VALUES(19, "Pea");INSERT INTO Ingredient(ingredientID, ingredientName) VALUES(20, "Saffron");INSERT INTO Ingredient(ingredientID, ingredientName) VALUES(21, "Berry");INSERT INTO Ingredient(ingredientID, ingredientName) VALUES(22, "Soy Ice Cream");INSERT INTO Ingredient(ingredientID, ingredientName) VALUES(23, "Rice");INSERT INTO Ingredient(ingredientID, ingredientName) VALUES(24, "Brussels Sprout");INSERT INTO Ingredient(ingredientID, ingredientName) VALUES(25, "Pretzel");INSERT INTO Ingredient(ingredientID, ingredientName) VALUES(26, "Guava");INSERT INTO Ingredient(ingredientID, ingredientName) VALUES(27, "Pumpernickel");INSERT INTO Ingredient(ingredientID, ingredientName) VALUES(28, "Flax Seed");INSERT INTO Ingredient(ingredientID, ingredientName) VALUES(29, "Jackfruit");INSERT INTO Ingredient(ingredientID, ingredientName) VALUES(30, "Chives");INSERT INTO Ingredient(ingredientID, ingredientName) VALUES(31, "Durian");INSERT INTO Ingredient(ingredientID, ingredientName) VALUES(32, "Raisin");INSERT INTO Ingredient(ingredientID, ingredientName) VALUES(33, "Snow Pea");INSERT INTO Ingredient(ingredientID, ingredientName) VALUES(34, "Cornflake");INSERT INTO Ingredient(ingredientID, ingredientName) VALUES(35, "Bran");INSERT INTO Ingredient(ingredientID, ingredientName) VALUES(36, "Blackberry");INSERT INTO Ingredient(ingredientID, ingredientName) VALUES(37, "Pear");INSERT INTO Ingredient(ingredientID, ingredientName) VALUES(38, "Cucumber");INSERT INTO Ingredient(ingredientID, ingredientName) VALUES(39, "Cornstarch");INSERT INTO Ingredient(ingredientID, ingredientName) VALUES(40, "Jalapeno");INSERT INTO Ingredient(ingredientID, ingredientName) VALUES(41, "Chicken");INSERT INTO Ingredient(ingredientID, ingredientName) VALUES(42, "Pork");/*======================================INSERTING 250,000 USERS======================================*/INSERT INTO User(fname,lname,username,password) VALUES("Blake", "Perez", "gloria28", "1csC82Od6Z");INSERT INTO User(fname,lname,username,password) VALUES("Ashley", "Nguyen", "mullencraig", "NCbZ1ttl9T");INSERT INTO User(fname,lname,username,password) VALUES("Glenn", "Ware", "thomas25", "L48zjQYX6T");INSERT INTO User(fname,lname,username,password) VALUES("Scott", "Tate", "alyssaperkins", "vG40LwIjdd");INSERT INTO User(fname,lname,username,password) VALUES("Toni", "Costa", "william95", "8m42cXWxm6");INSERT INTO User(fname,lname,username,password) VALUES("Carol", "Sanchez", "daniel93", "J5bdCv6nLG");INSERT INTO User(fname,lname,username,password) VALUES("Andrew", "Scott", "amychandler", "6A76KByN8v");INSERT INTO User(fname,lname,username,password) VALUES("Peter", "Aguilar", "jsullivan", "xJzSjDiv7E");INSERT INTO User(fname,lname,username,password) VALUES("Joshua", "Smith", "jonathan41", "3Kt9bR3pQE");INSERT INTO User(fname,lname,username,password) VALUES("Darren", "Quinn", "natalieliu", "7tOUYje1sc");INSERT INTO User(fname,lname,username,password) VALUES("Vincent", "Erickson", "robert72", "ESNsfLj16r");INSERT INTO User(fname,lname,username,password) VALUES("Dwayne", "Carson", "johnmartin", "7tIQc3Nfyt");INSERT INTO User(fname,lname,username,password) VALUES("Karen", "Braun", "wsmith", "oth38HSlx7");INSERT INTO User(fname,lname,username,password) VALUES("Kevin", "Boyd", "hallrachel", "s978CMmvCo");INSERT INTO User(fname,lname,username,password) VALUES("Jeffrey", "Preston", "melindamiller", "X8PR4Xnf2v");INSERT INTO User(fname,lname,username,password) VALUES("Dustin", "Sherman", "robinsonmark", "yRlQGsAua8");INSERT INTO User(fname,lname,username,password) VALUES("Jessica", "Mcgrath", "lisa25", "2hRHYrY202");INSERT INTO User(fname,lname,username,password) VALUES("Nicole", "Gentry", "emily26", "IsspF8UaE1");INSERT INTO User(fname,lname,username,password) VALUES("Carol", "Boyd", "travis01", "tBvmJ5dv7h");INSERT INTO User(fname,lname,username,password) VALUES("Taylor", "Carpenter", "annette83", "6LlW6pGjPl");/*======================================INSERTING 600,000 Recipes and Connections======================================*/INSERT INTO Recipe(recipeID, creationDate, recipeName, preparationTime, inputServing, imageUpload, calorieCount) VALUES(1, "2021-03-28", "Chopped Mashed Legume", 250, 10, "https://www.lorempixel.com/818/694", 4129);INSERT INTO Recipe(recipeID, creationDate, recipeName, preparationTime, inputServing, imageUpload, calorieCount) VALUES(2, "2021-04-01", "Stirred Spicy Legume Tart", 47, 9, "https://www.lorempixel.com/785/131", 4116);INSERT INTO Recipe(recipeID, creationDate, recipeName, preparationTime, inputServing, imageUpload, calorieCount) VALUES(3, "2021-03-13", "Baked Stir-fried Raisin Juice", 26, 8, "https://dummyimage.com/99x627", 5417);INSERT INTO Recipe(recipeID, creationDate, recipeName, preparationTime, inputServing, imageUpload, calorieCount) VALUES(4, "2021-03-09", "Sautéed Sprinkled Honeydew Melon Pudding", 274, 2, "https://www.lorempixel.com/422/851", 1609);INSERT INTO Recipe(recipeID, creationDate, recipeName, preparationTime, inputServing, imageUpload, calorieCount) VALUES(5, "2021-03-07", "Boiled Buttered Pumpernickel Pudding", 73, 6, "https://placekitten.com/270/1023", 4589);INSERT INTO Recipe(recipeID, creationDate, recipeName, preparationTime, inputServing, imageUpload, calorieCount) VALUES(6, "2021-03-29", "Acidic Grilled Cornflake Juice", 239, 6, "https://www.lorempixel.com/394/287", 7563);INSERT INTO Recipe(recipeID, creationDate, recipeName, preparationTime, inputServing, imageUpload, calorieCount) VALUES(7, "2021-03-04", "Sweet & sour Candied Snow Pea Risotto", 134, 4, "https://placekitten.com/491/374", 5423);INSERT INTO Recipe(recipeID, creationDate, recipeName, preparationTime, inputServing, imageUpload, calorieCount) VALUES(8, "2021-03-08", "Chunky Smoked Endive Soup", 214, 1, "https://dummyimage.com/589x274", 5461);INSERT INTO Recipe(recipeID, creationDate, recipeName, preparationTime, inputServing, imageUpload, calorieCount) VALUES(9, "2021-03-17", "Stir-fried Sautéed Cashew Cake", 214, 5, "https://placeimg.com/499/849/any", 1954);INSERT INTO Recipe(recipeID, creationDate, recipeName, preparationTime, inputServing, imageUpload, calorieCount) VALUES(10, "2021-03-04", "Crispy Fried Plum Tomato", 285, 6, "https://placekitten.com/539/935", 7326);/*======================================INSERTING Relationship: contains======================================*/INSERT INTO contains(recipeID, ingredientID, measurementID) VALUES(1, 7, 37);INSERT INTO contains(recipeID, ingredientID, measurementID) VALUES(1, 39, 1);INSERT INTO contains(recipeID, ingredientID, measurementID) VALUES(2, 7, 24);INSERT INTO contains(recipeID, ingredientID, measurementID) VALUES(2, 4, 19);INSERT INTO contains(recipeID, ingredientID, measurementID) VALUES(2, 15, 27);INSERT INTO contains(recipeID, ingredientID, measurementID) VALUES(2, 38, 48);INSERT INTO contains(recipeID, ingredientID, measurementID) VALUES(3, 32, 17);INSERT INTO contains(recipeID, ingredientID, measurementID) VALUES(3, 38, 15);INSERT INTO contains(recipeID, ingredientID, measurementID) VALUES(3, 37, 51);INSERT INTO contains(recipeID, ingredientID, measurementID) VALUES(4, 17, 15);INSERT INTO contains(recipeID, ingredientID, measurementID) VALUES(4, 29, 54);INSERT INTO contains(recipeID, ingredientID, measurementID) VALUES(5, 27, 14);INSERT INTO contains(recipeID, ingredientID, measurementID) VALUES(5, 15, 48);INSERT INTO contains(recipeID, ingredientID, measurementID) VALUES(5, 40, 25);INSERT INTO contains(recipeID, ingredientID, measurementID) VALUES(5, 33, 38);INSERT INTO contains(recipeID, ingredientID, measurementID) VALUES(6, 34, 58);INSERT INTO contains(recipeID, ingredientID, measurementID) VALUES(6, 8, 1);INSERT INTO contains(recipeID, ingredientID, measurementID) VALUES(7, 33, 28);INSERT INTO contains(recipeID, ingredientID, measurementID) VALUES(7, 40, 43);INSERT INTO contains(recipeID, ingredientID, measurementID) VALUES(7, 28, 36);INSERT INTO contains(recipeID, ingredientID, measurementID) VALUES(7, 23, 37);INSERT INTO contains(recipeID, ingredientID, measurementID) VALUES(8, 12, 54);INSERT INTO contains(recipeID, ingredientID, measurementID) VALUES(8, 39, 2);INSERT INTO contains(recipeID, ingredientID, measurementID) VALUES(9, 16, 7);INSERT INTO contains(recipeID, ingredientID, measurementID) VALUES(9, 26, 12);INSERT INTO contains(recipeID, ingredientID, measurementID) VALUES(9, 25, 40);INSERT INTO contains(recipeID, ingredientID, measurementID) VALUES(10, 4, 7);INSERT INTO contains(recipeID, ingredientID, measurementID) VALUES(10, 37, 35);INSERT INTO contains(recipeID, ingredientID, measurementID) VALUES(10, 13, 4);INSERT INTO contains(recipeID, ingredientID, measurementID) VALUES(10, 8, 37);/*======================================INSERTING Instructions======================================*/INSERT INTO Instruction(recipeID, stepNumber, direction) VALUES(1, 1, "Body bill policy next course approach.");INSERT INTO Instruction(recipeID, stepNumber, direction) VALUES(1, 2, "Will billion six participant ten. About any certainly.");INSERT INTO Instruction(recipeID, stepNumber, direction) VALUES(1, 3, "Very deep audience term.");INSERT INTO Instruction(recipeID, stepNumber, direction) VALUES(2, 1, "Strategy produce former one conference throw movie friend.");INSERT INTO Instruction(recipeID, stepNumber, direction) VALUES(3, 1, "Success exactly something. Life Democrat myself local.");INSERT INTO Instruction(recipeID, stepNumber, direction) VALUES(3, 2, "Which set will.");INSERT INTO Instruction(recipeID, stepNumber, direction) VALUES(4, 1, "Create serve tonight before religious heavy.");INSERT INTO Instruction(recipeID, stepNumber, direction) VALUES(4, 2, "Federal threat section. Necessary lose deep though exactly career.");INSERT INTO Instruction(recipeID, stepNumber, direction) VALUES(5, 1, "Consider other parent watch matter while.");INSERT INTO Instruction(recipeID, stepNumber, direction) VALUES(5, 2, "Section newspaper several.");INSERT INTO Instruction(recipeID, stepNumber, direction) VALUES(5, 3, "Interview church hospital.");INSERT INTO Instruction(recipeID, stepNumber, direction) VALUES(6, 1, "Study food mother budget civil say.");INSERT INTO Instruction(recipeID, stepNumber, direction) VALUES(7, 1, "Enter use matter southern carry can. Quite his send always.");INSERT INTO Instruction(recipeID, stepNumber, direction) VALUES(7, 2, "Government tax trade must agreement pattern. Treatment available none.");INSERT INTO Instruction(recipeID, stepNumber, direction) VALUES(7, 3, "Forget dark hard defense training attorney American increase.");INSERT INTO Instruction(recipeID, stepNumber, direction) VALUES(8, 1, "Simply color yes attack opportunity true. How degree own win everybody education true.");INSERT INTO Instruction(recipeID, stepNumber, direction) VALUES(8, 2, "Determine address should take increase.");INSERT INTO Instruction(recipeID, stepNumber, direction) VALUES(9, 1, "Minute although benefit good will strategy.");INSERT INTO Instruction(recipeID, stepNumber, direction) VALUES(9, 2, "Beautiful firm necessary.");INSERT INTO Instruction(recipeID, stepNumber, direction) VALUES(10, 1, "Likely people form usually dark any stop.");/*======================================INSERTING Relationship: adds======================================*/INSERT INTO adds(recipeID, userID) VALUES(1, 11);INSERT INTO adds(recipeID, userID) VALUES(2, 16);INSERT INTO adds(recipeID, userID) VALUES(3, 8);INSERT INTO adds(recipeID, userID) VALUES(4, 6);INSERT INTO adds(recipeID, userID) VALUES(5, 4);INSERT INTO adds(recipeID, userID) VALUES(6, 12);INSERT INTO adds(recipeID, userID) VALUES(7, 17);INSERT INTO adds(recipeID, userID) VALUES(8, 15);INSERT INTO adds(recipeID, userID) VALUES(9, 10);INSERT INTO adds(recipeID, userID) VALUES(10, 14);/*======================================INSERTING Relationship: kitchen======================================*/INSERT INTO kitchen(ingredientID, userID) VALUES(38, 1);INSERT INTO kitchen(ingredientID, userID) VALUES(26, 1);INSERT INTO kitchen(ingredientID, userID) VALUES(33, 1);INSERT INTO kitchen(ingredientID, userID) VALUES(2, 1);INSERT INTO kitchen(ingredientID, userID) VALUES(10, 2);INSERT INTO kitchen(ingredientID, userID) VALUES(13, 2);INSERT INTO kitchen(ingredientID, userID) VALUES(35, 2);INSERT INTO kitchen(ingredientID, userID) VALUES(31, 3);INSERT INTO kitchen(ingredientID, userID) VALUES(15, 4);INSERT INTO kitchen(ingredientID, userID) VALUES(41, 4);INSERT INTO kitchen(ingredientID, userID) VALUES(36, 5);INSERT INTO kitchen(ingredientID, userID) VALUES(19, 5);INSERT INTO kitchen(ingredientID, userID) VALUES(11, 5);INSERT INTO kitchen(ingredientID, userID) VALUES(13, 5);INSERT INTO kitchen(ingredientID, userID) VALUES(15, 6);INSERT INTO kitchen(ingredientID, userID) VALUES(11, 6);INSERT INTO kitchen(ingredientID, userID) VALUES(40, 6);INSERT INTO kitchen(ingredientID, userID) VALUES(21, 6);INSERT INTO kitchen(ingredientID, userID) VALUES(1, 7);INSERT INTO kitchen(ingredientID, userID) VALUES(16, 7);INSERT INTO kitchen(ingredientID, userID) VALUES(5, 7);INSERT INTO kitchen(ingredientID, userID) VALUES(20, 7);INSERT INTO kitchen(ingredientID, userID) VALUES(36, 8);INSERT INTO kitchen(ingredientID, userID) VALUES(14, 8);INSERT INTO kitchen(ingredientID, userID) VALUES(29, 8);INSERT INTO kitchen(ingredientID, userID) VALUES(20, 8);INSERT INTO kitchen(ingredientID, userID) VALUES(27, 9);INSERT INTO kitchen(ingredientID, userID) VALUES(25, 9);INSERT INTO kitchen(ingredientID, userID) VALUES(27, 10);INSERT INTO kitchen(ingredientID, userID) VALUES(34, 11);INSERT INTO kitchen(ingredientID, userID) VALUES(36, 11);INSERT INTO kitchen(ingredientID, userID) VALUES(21, 11);INSERT INTO kitchen(ingredientID, userID) VALUES(32, 12);INSERT INTO kitchen(ingredientID, userID) VALUES(37, 13);INSERT INTO kitchen(ingredientID, userID) VALUES(16, 13);INSERT INTO kitchen(ingredientID, userID) VALUES(30, 14);INSERT INTO kitchen(ingredientID, userID) VALUES(2, 14);INSERT INTO kitchen(ingredientID, userID) VALUES(34, 15);INSERT INTO kitchen(ingredientID, userID) VALUES(32, 15);INSERT INTO kitchen(ingredientID, userID) VALUES(27, 15);INSERT INTO kitchen(ingredientID, userID) VALUES(3, 16);INSERT INTO kitchen(ingredientID, userID) VALUES(13, 16);INSERT INTO kitchen(ingredientID, userID) VALUES(23, 16);INSERT INTO kitchen(ingredientID, userID) VALUES(40, 17);INSERT INTO kitchen(ingredientID, userID) VALUES(7, 17);INSERT INTO kitchen(ingredientID, userID) VALUES(5, 18);INSERT INTO kitchen(ingredientID, userID) VALUES(17, 18);INSERT INTO kitchen(ingredientID, userID) VALUES(36, 18);INSERT INTO kitchen(ingredientID, userID) VALUES(2, 19);INSERT INTO kitchen(ingredientID, userID) VALUES(22, 19);INSERT INTO kitchen(ingredientID, userID) VALUES(33, 19);INSERT INTO kitchen(ingredientID, userID) VALUES(25, 20);/*======================================INSERTING MealPlan======================================*/INSERT INTO MealPlan(planName, dateCreated) VALUES("Event hold.", "2021-03-05");INSERT INTO MealPlan(planName, dateCreated) VALUES("To foreign.", "2021-03-15");INSERT INTO MealPlan(planName, dateCreated) VALUES("Collection.", "2021-03-15");INSERT INTO MealPlan(planName, dateCreated) VALUES("Serve event.", "2021-03-26");INSERT INTO MealPlan(planName, dateCreated) VALUES("Center seem.", "2021-03-25");INSERT INTO MealPlan(planName, dateCreated) VALUES("Particularly.", "2021-03-26");INSERT INTO MealPlan(planName, dateCreated) VALUES("Democrat run.", "2021-03-20");INSERT INTO MealPlan(planName, dateCreated) VALUES("Bag team fire.", "2021-03-23");INSERT INTO MealPlan(planName, dateCreated) VALUES("Measure.", "2021-03-05");INSERT INTO MealPlan(planName, dateCreated) VALUES("Hope.", "2021-03-08");INSERT INTO MealPlan(planName, dateCreated) VALUES("Myself high.", "2021-03-23");INSERT INTO MealPlan(planName, dateCreated) VALUES("To attention.", "2021-03-21");INSERT INTO MealPlan(planName, dateCreated) VALUES("Question beat.", "2021-03-16");INSERT INTO MealPlan(planName, dateCreated) VALUES("Reality TV.", "2021-03-06");INSERT INTO MealPlan(planName, dateCreated) VALUES("Group stuff.", "2021-04-01");INSERT INTO MealPlan(planName, dateCreated) VALUES("Certainly.", "2021-03-07");INSERT INTO MealPlan(planName, dateCreated) VALUES("Somebody.", "2021-03-18");INSERT INTO MealPlan(planName, dateCreated) VALUES("Pattern firm.", "2021-03-31");INSERT INTO MealPlan(planName, dateCreated) VALUES("Get fall not.", "2021-03-22");INSERT INTO MealPlan(planName, dateCreated) VALUES("Share like boy.", "2021-03-25");INSERT INTO MealPlan(planName, dateCreated) VALUES("Common.", "2021-03-12");INSERT INTO MealPlan(planName, dateCreated) VALUES("Produce watch.", "2021-03-31");INSERT INTO MealPlan(planName, dateCreated) VALUES("Face miss skin.", "2021-03-04");/*======================================INSERTING Relationship: includes======================================*/INSERT INTO includes(mealPlanID, recipeID) VALUES(1, 6);INSERT INTO includes(mealPlanID, recipeID) VALUES(1, 10);INSERT INTO includes(mealPlanID, recipeID) VALUES(2, 1);INSERT INTO includes(mealPlanID, recipeID) VALUES(2, 4);INSERT INTO includes(mealPlanID, recipeID) VALUES(2, 3);INSERT INTO includes(mealPlanID, recipeID) VALUES(3, 9);INSERT INTO includes(mealPlanID, recipeID) VALUES(3, 3);INSERT INTO includes(mealPlanID, recipeID) VALUES(4, 6);INSERT INTO includes(mealPlanID, recipeID) VALUES(4, 3);INSERT INTO includes(mealPlanID, recipeID) VALUES(5, 7);INSERT INTO includes(mealPlanID, recipeID) VALUES(5, 9);INSERT INTO includes(mealPlanID, recipeID) VALUES(5, 2);INSERT INTO includes(mealPlanID, recipeID) VALUES(6, 4);INSERT INTO includes(mealPlanID, recipeID) VALUES(6, 6);INSERT INTO includes(mealPlanID, recipeID) VALUES(6, 8);INSERT INTO includes(mealPlanID, recipeID) VALUES(7, 5);INSERT INTO includes(mealPlanID, recipeID) VALUES(7, 4);INSERT INTO includes(mealPlanID, recipeID) VALUES(7, 8);INSERT INTO includes(mealPlanID, recipeID) VALUES(8, 7);INSERT INTO includes(mealPlanID, recipeID) VALUES(8, 8);INSERT INTO includes(mealPlanID, recipeID) VALUES(9, 6);INSERT INTO includes(mealPlanID, recipeID) VALUES(9, 3);INSERT INTO includes(mealPlanID, recipeID) VALUES(9, 4);INSERT INTO includes(mealPlanID, recipeID) VALUES(10, 3);INSERT INTO includes(mealPlanID, recipeID) VALUES(10, 5);INSERT INTO includes(mealPlanID, recipeID) VALUES(10, 2);INSERT INTO includes(mealPlanID, recipeID) VALUES(11, 5);INSERT INTO includes(mealPlanID, recipeID) VALUES(11, 3);INSERT INTO includes(mealPlanID, recipeID) VALUES(12, 6);INSERT INTO includes(mealPlanID, recipeID) VALUES(12, 1);INSERT INTO includes(mealPlanID, recipeID) VALUES(13, 6);INSERT INTO includes(mealPlanID, recipeID) VALUES(13, 9);INSERT INTO includes(mealPlanID, recipeID) VALUES(13, 4);INSERT INTO includes(mealPlanID, recipeID) VALUES(14, 4);INSERT INTO includes(mealPlanID, recipeID) VALUES(14, 7);INSERT INTO includes(mealPlanID, recipeID) VALUES(14, 3);INSERT INTO includes(mealPlanID, recipeID) VALUES(15, 7);INSERT INTO includes(mealPlanID, recipeID) VALUES(15, 2);INSERT INTO includes(mealPlanID, recipeID) VALUES(15, 1);INSERT INTO includes(mealPlanID, recipeID) VALUES(16, 8);INSERT INTO includes(mealPlanID, recipeID) VALUES(16, 9);INSERT INTO includes(mealPlanID, recipeID) VALUES(16, 4);INSERT INTO includes(mealPlanID, recipeID) VALUES(17, 2);INSERT INTO includes(mealPlanID, recipeID) VALUES(17, 7);INSERT INTO includes(mealPlanID, recipeID) VALUES(17, 10);INSERT INTO includes(mealPlanID, recipeID) VALUES(18, 5);INSERT INTO includes(mealPlanID, recipeID) VALUES(18, 7);INSERT INTO includes(mealPlanID, recipeID) VALUES(18, 1);INSERT INTO includes(mealPlanID, recipeID) VALUES(19, 9);INSERT INTO includes(mealPlanID, recipeID) VALUES(19, 1);INSERT INTO includes(mealPlanID, recipeID) VALUES(19, 2);INSERT INTO includes(mealPlanID, recipeID) VALUES(20, 9);INSERT INTO includes(mealPlanID, recipeID) VALUES(20, 10);INSERT INTO includes(mealPlanID, recipeID) VALUES(20, 2);INSERT INTO includes(mealPlanID, recipeID) VALUES(21, 6);INSERT INTO includes(mealPlanID, recipeID) VALUES(21, 3);INSERT INTO includes(mealPlanID, recipeID) VALUES(22, 7);INSERT INTO includes(mealPlanID, recipeID) VALUES(22, 4);INSERT INTO includes(mealPlanID, recipeID) VALUES(23, 7);INSERT INTO includes(mealPlanID, recipeID) VALUES(23, 10);/*======================================INSERTING Relationship: has======================================*/INSERT INTO has(mealPlanID, userID) VALUES(1, 19);INSERT INTO has(mealPlanID, userID) VALUES(2, 16);INSERT INTO has(mealPlanID, userID) VALUES(3, 15);INSERT INTO has(mealPlanID, userID) VALUES(4, 18);INSERT INTO has(mealPlanID, userID) VALUES(5, 14);INSERT INTO has(mealPlanID, userID) VALUES(6, 19);INSERT INTO has(mealPlanID, userID) VALUES(7, 14);INSERT INTO has(mealPlanID, userID) VALUES(8, 2);INSERT INTO has(mealPlanID, userID) VALUES(9, 6);INSERT INTO has(mealPlanID, userID) VALUES(10, 10);INSERT INTO has(mealPlanID, userID) VALUES(11, 17);INSERT INTO has(mealPlanID, userID) VALUES(12, 5);INSERT INTO has(mealPlanID, userID) VALUES(13, 15);INSERT INTO has(mealPlanID, userID) VALUES(14, 12);INSERT INTO has(mealPlanID, userID) VALUES(15, 15);INSERT INTO has(mealPlanID, userID) VALUES(16, 7);INSERT INTO has(mealPlanID, userID) VALUES(17, 11);INSERT INTO has(mealPlanID, userID) VALUES(18, 5);INSERT INTO has(mealPlanID, userID) VALUES(19, 16);INSERT INTO has(mealPlanID, userID) VALUES(20, 14);INSERT INTO has(mealPlanID, userID) VALUES(21, 11);INSERT INTO has(mealPlanID, userID) VALUES(22, 2);INSERT INTO has(mealPlanID, userID) VALUES(23, 14);