DROP DATABASE IF EXISTS planner;CREATE DATABASE planner;USE planner;/*======================================CREATE STATEMENTS======================================*/CREATE TABLE Recipe(recipeID int auto_increment,creationDate date default CURRENT_DATE,recipeName varchar(255),preparationTime int,primary key(recipeID));CREATE TABLE Meal(mealID int auto_increment,inputServing int,imageUpload varchar(255),calorieCount int,primary key(mealID));CREATE TABLE MealPlan(mealPlanID int auto_increment,primary key(mealPlanID));CREATE TABLE User(userID int auto_increment,fname varchar(50),lname varchar(50),username varchar(150),password varchar(255),primary key(userID));CREATE TABLE Ingredient(ingredientID int auto_increment,ingredientName varchar(255),primary key(ingredientID));CREATE TABLE Measurement(measurementID int auto_increment,quantity varchar(10),unit varchar(50),primary key(measurementID));CREATE TABLE Instruction(recipeID int,stepNumber int,direction varchar(255),primary key(recipeID, stepNumber),foreign key(recipeID) references Recipe(recipeID) on delete cascade);CREATE TABLE includes(mealPlanID int,mealID int,primary key(mealPlanID, mealID),foreign key(mealPlanID) references MealPlan(mealPlanID) on delete cascade,foreign key(mealID) references Meal(mealID) on delete cascade);CREATE TABLE has(mealPlanID int,userID int,primary key(mealPlanID, userID),foreign key(mealPlanID) references MealPlan(mealPlanID) on delete cascade,foreign key(userID) references User(userID) on delete cascade);CREATE TABLE kitchen(ingredientID int,userID int,primary key(ingredientID, userID),foreign key(ingredientID) references Ingredient(ingredientID) on delete cascade,foreign key(userID) references User(userID) on delete cascade);CREATE TABLE uses(measurementID int,ingredientID int,primary key(measurementID, ingredientID),foreign key(measurementID) references Measurement(measurementID) on delete cascade,foreign key(ingredientID) references Ingredient(ingredientID) on delete cascade);CREATE TABLE contains(recipeID int,ingredientID int,primary key(recipeID, ingredientID),foreign key(recipeID) references Recipe(recipeID) on delete cascade,foreign key(ingredientID) references Ingredient(ingredientID) on delete cascade);CREATE TABLE creates(recipeID int,mealID int,primary key(recipeID, mealID),foreign key(recipeID) references Recipe(recipeID) on delete cascade,foreign key(mealID) references Meal(mealID) on delete cascade);CREATE TABLE adds(recipeID int,userID int,primary key(userID, recipeID),foreign key(recipeID) references Recipe(recipeID) on delete cascade,foreign key(userID) references User(userID) on delete cascade);/*======================================INSERTING Measurements======================================*/INSERT INTO Measurement(measurementID, quantity, unit) VALUES(1, "1/4", "tbsp");INSERT INTO Measurement(measurementID, quantity, unit) VALUES(2, "1/2", "tbsp");INSERT INTO Measurement(measurementID, quantity, unit) VALUES(3, "3/4", "tbsp");INSERT INTO Measurement(measurementID, quantity, unit) VALUES(4, "1", "tbsp");INSERT INTO Measurement(measurementID, quantity, unit) VALUES(5, "1 1/2", "tbsp");INSERT INTO Measurement(measurementID, quantity, unit) VALUES(6, "2", "tbsp");INSERT INTO Measurement(measurementID, quantity, unit) VALUES(7, "2 1/4", "tbsp");INSERT INTO Measurement(measurementID, quantity, unit) VALUES(8, "4", "tbsp");INSERT INTO Measurement(measurementID, quantity, unit) VALUES(9, "6", "tbsp");INSERT INTO Measurement(measurementID, quantity, unit) VALUES(10, "10", "tbsp");INSERT INTO Measurement(measurementID, quantity, unit) VALUES(11, "1/4", "tsp");INSERT INTO Measurement(measurementID, quantity, unit) VALUES(12, "1/2", "tsp");INSERT INTO Measurement(measurementID, quantity, unit) VALUES(13, "3/4", "tsp");INSERT INTO Measurement(measurementID, quantity, unit) VALUES(14, "1", "tsp");INSERT INTO Measurement(measurementID, quantity, unit) VALUES(15, "1 1/2", "tsp");INSERT INTO Measurement(measurementID, quantity, unit) VALUES(16, "2", "tsp");INSERT INTO Measurement(measurementID, quantity, unit) VALUES(17, "2 1/4", "tsp");INSERT INTO Measurement(measurementID, quantity, unit) VALUES(18, "4", "tsp");INSERT INTO Measurement(measurementID, quantity, unit) VALUES(19, "6", "tsp");INSERT INTO Measurement(measurementID, quantity, unit) VALUES(20, "10", "tsp");INSERT INTO Measurement(measurementID, quantity, unit) VALUES(21, "1/4", "cups");INSERT INTO Measurement(measurementID, quantity, unit) VALUES(22, "1/2", "cups");INSERT INTO Measurement(measurementID, quantity, unit) VALUES(23, "3/4", "cups");INSERT INTO Measurement(measurementID, quantity, unit) VALUES(24, "1", "cups");INSERT INTO Measurement(measurementID, quantity, unit) VALUES(25, "1 1/2", "cups");INSERT INTO Measurement(measurementID, quantity, unit) VALUES(26, "2", "cups");INSERT INTO Measurement(measurementID, quantity, unit) VALUES(27, "2 1/4", "cups");INSERT INTO Measurement(measurementID, quantity, unit) VALUES(28, "4", "cups");INSERT INTO Measurement(measurementID, quantity, unit) VALUES(29, "6", "cups");INSERT INTO Measurement(measurementID, quantity, unit) VALUES(30, "10", "cups");INSERT INTO Measurement(measurementID, quantity, unit) VALUES(31, "1/4", "pds");INSERT INTO Measurement(measurementID, quantity, unit) VALUES(32, "1/2", "pds");INSERT INTO Measurement(measurementID, quantity, unit) VALUES(33, "3/4", "pds");INSERT INTO Measurement(measurementID, quantity, unit) VALUES(34, "1", "pds");INSERT INTO Measurement(measurementID, quantity, unit) VALUES(35, "1 1/2", "pds");INSERT INTO Measurement(measurementID, quantity, unit) VALUES(36, "2", "pds");INSERT INTO Measurement(measurementID, quantity, unit) VALUES(37, "2 1/4", "pds");INSERT INTO Measurement(measurementID, quantity, unit) VALUES(38, "4", "pds");INSERT INTO Measurement(measurementID, quantity, unit) VALUES(39, "6", "pds");INSERT INTO Measurement(measurementID, quantity, unit) VALUES(40, "10", "pds");INSERT INTO Measurement(measurementID, quantity, unit) VALUES(41, "1/4", "oz");INSERT INTO Measurement(measurementID, quantity, unit) VALUES(42, "1/2", "oz");INSERT INTO Measurement(measurementID, quantity, unit) VALUES(43, "3/4", "oz");INSERT INTO Measurement(measurementID, quantity, unit) VALUES(44, "1", "oz");INSERT INTO Measurement(measurementID, quantity, unit) VALUES(45, "1 1/2", "oz");INSERT INTO Measurement(measurementID, quantity, unit) VALUES(46, "2", "oz");INSERT INTO Measurement(measurementID, quantity, unit) VALUES(47, "2 1/4", "oz");INSERT INTO Measurement(measurementID, quantity, unit) VALUES(48, "4", "oz");INSERT INTO Measurement(measurementID, quantity, unit) VALUES(49, "6", "oz");INSERT INTO Measurement(measurementID, quantity, unit) VALUES(50, "10", "oz");INSERT INTO Measurement(measurementID, quantity, unit) VALUES(51, "1/4", "whole");INSERT INTO Measurement(measurementID, quantity, unit) VALUES(52, "1/2", "whole");INSERT INTO Measurement(measurementID, quantity, unit) VALUES(53, "3/4", "whole");INSERT INTO Measurement(measurementID, quantity, unit) VALUES(54, "1", "whole");INSERT INTO Measurement(measurementID, quantity, unit) VALUES(55, "1 1/2", "whole");INSERT INTO Measurement(measurementID, quantity, unit) VALUES(56, "2", "whole");INSERT INTO Measurement(measurementID, quantity, unit) VALUES(57, "2 1/4", "whole");INSERT INTO Measurement(measurementID, quantity, unit) VALUES(58, "4", "whole");INSERT INTO Measurement(measurementID, quantity, unit) VALUES(59, "6", "whole");INSERT INTO Measurement(measurementID, quantity, unit) VALUES(60, "10", "whole");/*======================================INSERTING Ingredients======================================*/INSERT INTO Ingredient(ingredientID, ingredientName) VALUES(1, "Molasses");INSERT INTO Ingredient(ingredientID, ingredientName) VALUES(2, "Almond");INSERT INTO Ingredient(ingredientID, ingredientName) VALUES(3, "Pecans");INSERT INTO Ingredient(ingredientID, ingredientName) VALUES(4, "Plum Tomato");INSERT INTO Ingredient(ingredientID, ingredientName) VALUES(5, "Cashew Nut");INSERT INTO Ingredient(ingredientID, ingredientName) VALUES(6, "Apple");INSERT INTO Ingredient(ingredientID, ingredientName) VALUES(7, "Legume");INSERT INTO Ingredient(ingredientID, ingredientName) VALUES(8, "Curry Paste");INSERT INTO Ingredient(ingredientID, ingredientName) VALUES(9, "Barbecue Sauce");INSERT INTO Ingredient(ingredientID, ingredientName) VALUES(10, "Chilli Flake");INSERT INTO Ingredient(ingredientID, ingredientName) VALUES(11, "Lemon");INSERT INTO Ingredient(ingredientID, ingredientName) VALUES(12, "Endive");INSERT INTO Ingredient(ingredientID, ingredientName) VALUES(13, "Kale");INSERT INTO Ingredient(ingredientID, ingredientName) VALUES(14, "Torte");INSERT INTO Ingredient(ingredientID, ingredientName) VALUES(15, "Salt");INSERT INTO Ingredient(ingredientID, ingredientName) VALUES(16, "Cashew");INSERT INTO Ingredient(ingredientID, ingredientName) VALUES(17, "Honeydew Melon");INSERT INTO Ingredient(ingredientID, ingredientName) VALUES(18, "Rice Paper");INSERT INTO Ingredient(ingredientID, ingredientName) VALUES(19, "Pea");INSERT INTO Ingredient(ingredientID, ingredientName) VALUES(20, "Saffron");INSERT INTO Ingredient(ingredientID, ingredientName) VALUES(21, "Berry");INSERT INTO Ingredient(ingredientID, ingredientName) VALUES(22, "Soy Ice Cream");INSERT INTO Ingredient(ingredientID, ingredientName) VALUES(23, "Rice");INSERT INTO Ingredient(ingredientID, ingredientName) VALUES(24, "Brussels Sprout");INSERT INTO Ingredient(ingredientID, ingredientName) VALUES(25, "Pretzel");INSERT INTO Ingredient(ingredientID, ingredientName) VALUES(26, "Guava");INSERT INTO Ingredient(ingredientID, ingredientName) VALUES(27, "Pumpernickel");INSERT INTO Ingredient(ingredientID, ingredientName) VALUES(28, "Flax Seed");INSERT INTO Ingredient(ingredientID, ingredientName) VALUES(29, "Jackfruit");INSERT INTO Ingredient(ingredientID, ingredientName) VALUES(30, "Chives");INSERT INTO Ingredient(ingredientID, ingredientName) VALUES(31, "Durian");INSERT INTO Ingredient(ingredientID, ingredientName) VALUES(32, "Raisin");INSERT INTO Ingredient(ingredientID, ingredientName) VALUES(33, "Snow Pea");INSERT INTO Ingredient(ingredientID, ingredientName) VALUES(34, "Cornflake");INSERT INTO Ingredient(ingredientID, ingredientName) VALUES(35, "Bran");INSERT INTO Ingredient(ingredientID, ingredientName) VALUES(36, "Blackberry");INSERT INTO Ingredient(ingredientID, ingredientName) VALUES(37, "Pear");INSERT INTO Ingredient(ingredientID, ingredientName) VALUES(38, "Cucumber");INSERT INTO Ingredient(ingredientID, ingredientName) VALUES(39, "Cornstarch");INSERT INTO Ingredient(ingredientID, ingredientName) VALUES(40, "Jalapeno");INSERT INTO Ingredient(ingredientID, ingredientName) VALUES(41, "Chicken");INSERT INTO Ingredient(ingredientID, ingredientName) VALUES(42, "Pork");/*======================================INSERTING 250,000 USERS======================================*/INSERT INTO User(fname,lname,username,password) VALUES("Luke", "Duran", "martinezsteve", "cCCwNny06x");INSERT INTO User(fname,lname,username,password) VALUES("Jennifer", "Stevens", "joseph08", "2fxOmCzETN");INSERT INTO User(fname,lname,username,password) VALUES("Christopher", "Martin", "andrewpowell", "WbuiocHm1A");INSERT INTO User(fname,lname,username,password) VALUES("Joseph", "Wright", "williamaguirre", "ofCIexO47I");INSERT INTO User(fname,lname,username,password) VALUES("Lisa", "Patterson", "vpennington", "9wUnZF2EaH");INSERT INTO User(fname,lname,username,password) VALUES("Shaun", "Moore", "gregorymurray", "5Le2s2Pqud");INSERT INTO User(fname,lname,username,password) VALUES("Sharon", "Guerrero", "barbara79", "4GTNtHHgL3");INSERT INTO User(fname,lname,username,password) VALUES("Denise", "Strickland", "arthurriley", "N7Cd2CCoc0");INSERT INTO User(fname,lname,username,password) VALUES("Christopher", "Mcgee", "meganduran", "4lGjQRunNA");INSERT INTO User(fname,lname,username,password) VALUES("Ronald", "Neal", "kennetheaton", "0CTvw3xB3t");INSERT INTO User(fname,lname,username,password) VALUES("Kimberly", "Yang", "jeffery65", "bH2NGtrM5J");INSERT INTO User(fname,lname,username,password) VALUES("Taylor", "Fernandez", "clambert", "7N6RkxGkys");INSERT INTO User(fname,lname,username,password) VALUES("Vanessa", "Smith", "fallen", "0P2JORzycF");INSERT INTO User(fname,lname,username,password) VALUES("Dawn", "Payne", "ericavilla", "87PCvRqnsx");INSERT INTO User(fname,lname,username,password) VALUES("Chase", "Nelson", "frank87", "k3Dlex0U5K");INSERT INTO User(fname,lname,username,password) VALUES("Michael", "Franklin", "julieprice", "zY34UNynnj");INSERT INTO User(fname,lname,username,password) VALUES("Adam", "Johnson", "phillipsanthony", "7yWXbCuhnO");INSERT INTO User(fname,lname,username,password) VALUES("Jennifer", "Hawkins", "robert78", "U8EukgA4tt");INSERT INTO User(fname,lname,username,password) VALUES("Rebecca", "Johnson", "audreydavis", "8tgqFuex8e");INSERT INTO User(fname,lname,username,password) VALUES("Courtney", "Johnson", "veronicabailey", "0DwJvbLAkK");/*======================================INSERTING 600,000 Recipes and Connections======================================*/INSERT INTO Recipe(recipeID, creationDate, recipeName, preparationTime) VALUES(1, "2021-03-23", "Served Barbi-fried Jackfruit Cake", 212);INSERT INTO Recipe(recipeID, creationDate, recipeName, preparationTime) VALUES(2, "2021-03-23", "Chopped Fried Snow Pea Juice", 260);INSERT INTO Recipe(recipeID, creationDate, recipeName, preparationTime) VALUES(3, "2021-03-20", "Fried Stir-fried Pretzel Alfredo", 170);INSERT INTO Recipe(recipeID, creationDate, recipeName, preparationTime) VALUES(4, "2021-03-03", "Whisked Juiced Brussels Sprout Cake", 154);INSERT INTO Recipe(recipeID, creationDate, recipeName, preparationTime) VALUES(5, "2021-03-11", "Melted Herbal Cashew Nut", 228);INSERT INTO Recipe(recipeID, creationDate, recipeName, preparationTime) VALUES(6, "2021-03-11", "Barbequed Herbal Barbecue Sauce", 191);INSERT INTO Recipe(recipeID, creationDate, recipeName, preparationTime) VALUES(7, "2021-03-05", "Boiled Chopped Bran", 32);INSERT INTO Recipe(recipeID, creationDate, recipeName, preparationTime) VALUES(8, "2021-03-26", "Stirred Greased Lemon Pudding", 234);INSERT INTO Recipe(recipeID, creationDate, recipeName, preparationTime) VALUES(9, "2021-03-05", "Greased Beated Cucumber Alfredo", 197);INSERT INTO Recipe(recipeID, creationDate, recipeName, preparationTime) VALUES(10, "2021-03-27", "Burned Sautéed Cucumber Soup", 171);/*======================================INSERTING Meals======================================*/INSERT INTO Meal(mealID, inputServing, imageUpload, calorieCount) VALUES(1, 6, "https://placeimg.com/304/271/any", 3194);INSERT INTO Meal(mealID, inputServing, imageUpload, calorieCount) VALUES(2, 5, "https://placekitten.com/518/481", 4299);INSERT INTO Meal(mealID, inputServing, imageUpload, calorieCount) VALUES(3, 10, "https://dummyimage.com/412x398", 1452);INSERT INTO Meal(mealID, inputServing, imageUpload, calorieCount) VALUES(4, 4, "https://placeimg.com/696/488/any", 187);INSERT INTO Meal(mealID, inputServing, imageUpload, calorieCount) VALUES(5, 6, "https://placekitten.com/93/65", 5231);INSERT INTO Meal(mealID, inputServing, imageUpload, calorieCount) VALUES(6, 6, "https://placeimg.com/44/105/any", 6575);INSERT INTO Meal(mealID, inputServing, imageUpload, calorieCount) VALUES(7, 9, "https://placekitten.com/296/727", 2007);INSERT INTO Meal(mealID, inputServing, imageUpload, calorieCount) VALUES(8, 1, "https://www.lorempixel.com/255/399", 1117);INSERT INTO Meal(mealID, inputServing, imageUpload, calorieCount) VALUES(9, 3, "https://placeimg.com/477/75/any", 173);INSERT INTO Meal(mealID, inputServing, imageUpload, calorieCount) VALUES(10, 4, "https://placeimg.com/573/744/any", 911);/*======================================INSERTING Relationship: creates======================================*/INSERT INTO creates(recipeID, mealID) VALUES(1, 1);INSERT INTO creates(recipeID, mealID) VALUES(2, 2);INSERT INTO creates(recipeID, mealID) VALUES(3, 3);INSERT INTO creates(recipeID, mealID) VALUES(4, 4);INSERT INTO creates(recipeID, mealID) VALUES(5, 5);INSERT INTO creates(recipeID, mealID) VALUES(6, 6);INSERT INTO creates(recipeID, mealID) VALUES(7, 7);INSERT INTO creates(recipeID, mealID) VALUES(8, 8);INSERT INTO creates(recipeID, mealID) VALUES(9, 9);INSERT INTO creates(recipeID, mealID) VALUES(10, 10);/*======================================INSERTING Relationship: contains======================================*/INSERT INTO contains(recipeID, ingredientID) VALUES(1, 29);INSERT INTO contains(recipeID, ingredientID) VALUES(1, 13);INSERT INTO contains(recipeID, ingredientID) VALUES(1, 41);INSERT INTO contains(recipeID, ingredientID) VALUES(1, 7);INSERT INTO contains(recipeID, ingredientID) VALUES(2, 33);INSERT INTO contains(recipeID, ingredientID) VALUES(2, 42);INSERT INTO contains(recipeID, ingredientID) VALUES(2, 15);INSERT INTO contains(recipeID, ingredientID) VALUES(2, 38);INSERT INTO contains(recipeID, ingredientID) VALUES(3, 25);INSERT INTO contains(recipeID, ingredientID) VALUES(3, 38);INSERT INTO contains(recipeID, ingredientID) VALUES(4, 24);INSERT INTO contains(recipeID, ingredientID) VALUES(4, 13);INSERT INTO contains(recipeID, ingredientID) VALUES(4, 20);INSERT INTO contains(recipeID, ingredientID) VALUES(5, 5);INSERT INTO contains(recipeID, ingredientID) VALUES(5, 6);INSERT INTO contains(recipeID, ingredientID) VALUES(5, 20);INSERT INTO contains(recipeID, ingredientID) VALUES(5, 13);INSERT INTO contains(recipeID, ingredientID) VALUES(6, 9);INSERT INTO contains(recipeID, ingredientID) VALUES(6, 10);INSERT INTO contains(recipeID, ingredientID) VALUES(6, 18);INSERT INTO contains(recipeID, ingredientID) VALUES(7, 35);INSERT INTO contains(recipeID, ingredientID) VALUES(8, 11);INSERT INTO contains(recipeID, ingredientID) VALUES(8, 5);INSERT INTO contains(recipeID, ingredientID) VALUES(9, 38);INSERT INTO contains(recipeID, ingredientID) VALUES(9, 5);INSERT INTO contains(recipeID, ingredientID) VALUES(9, 22);INSERT INTO contains(recipeID, ingredientID) VALUES(9, 34);INSERT INTO contains(recipeID, ingredientID) VALUES(10, 38);INSERT INTO contains(recipeID, ingredientID) VALUES(10, 24);/*======================================INSERTING Instructions======================================*/INSERT INTO Instruction(recipeID, stepNumber, direction) VALUES(1, 1, "Official try tough sea.");INSERT INTO Instruction(recipeID, stepNumber, direction) VALUES(1, 2, "Including side issue industry themselves. Ask population long forget behavior.");INSERT INTO Instruction(recipeID, stepNumber, direction) VALUES(1, 3, "None father bit drug mother.");INSERT INTO Instruction(recipeID, stepNumber, direction) VALUES(2, 1, "Outside future significant he large prevent you.");INSERT INTO Instruction(recipeID, stepNumber, direction) VALUES(3, 1, "Hair game sea control over recently attention.");INSERT INTO Instruction(recipeID, stepNumber, direction) VALUES(4, 1, "Road along player. Former space woman attention camera organization.");INSERT INTO Instruction(recipeID, stepNumber, direction) VALUES(5, 1, "Number movie response week business. Pm social attorney allow chair better.");INSERT INTO Instruction(recipeID, stepNumber, direction) VALUES(6, 1, "Method anything anyone decision push type. Analysis toward more threat focus politics.");INSERT INTO Instruction(recipeID, stepNumber, direction) VALUES(6, 2, "Finally music leave source campaign finally. Short stock stop factor attorney task.");INSERT INTO Instruction(recipeID, stepNumber, direction) VALUES(7, 1, "Eight less trouble.");INSERT INTO Instruction(recipeID, stepNumber, direction) VALUES(7, 2, "Thus him activity week four parent defense.");INSERT INTO Instruction(recipeID, stepNumber, direction) VALUES(8, 1, "Mention yet make form spend stock pretty religious. Ten never peace.");INSERT INTO Instruction(recipeID, stepNumber, direction) VALUES(8, 2, "Political from so thing our. Particular near deal general peace wall.");INSERT INTO Instruction(recipeID, stepNumber, direction) VALUES(8, 3, "Whole need affect teacher personal. Shake follow final present throughout argue.");INSERT INTO Instruction(recipeID, stepNumber, direction) VALUES(9, 1, "Act relate then night car gun country term. Opportunity level born cultural.");INSERT INTO Instruction(recipeID, stepNumber, direction) VALUES(9, 2, "Investment two morning knowledge more. Behavior range position along wear reduce fact.");INSERT INTO Instruction(recipeID, stepNumber, direction) VALUES(9, 3, "Food financial rest eye.");INSERT INTO Instruction(recipeID, stepNumber, direction) VALUES(10, 1, "Month argue need turn.");INSERT INTO Instruction(recipeID, stepNumber, direction) VALUES(10, 2, "Suggest without police behind fact myself moment. Seek identify after finally wind.");INSERT INTO Instruction(recipeID, stepNumber, direction) VALUES(10, 3, "Camera majority hot clear protect.");/*======================================INSERTING Relationship: adds======================================*/INSERT INTO adds(recipeID, userID) VALUES(1, 7);INSERT INTO adds(recipeID, userID) VALUES(2, 13);INSERT INTO adds(recipeID, userID) VALUES(3, 17);INSERT INTO adds(recipeID, userID) VALUES(4, 4);INSERT INTO adds(recipeID, userID) VALUES(5, 14);INSERT INTO adds(recipeID, userID) VALUES(6, 14);INSERT INTO adds(recipeID, userID) VALUES(7, 19);INSERT INTO adds(recipeID, userID) VALUES(8, 3);INSERT INTO adds(recipeID, userID) VALUES(9, 6);INSERT INTO adds(recipeID, userID) VALUES(10, 12);/*======================================INSERTING Relationship: kitchen======================================*/INSERT INTO kitchen(ingredientID, userID) VALUES(20, 1);INSERT INTO kitchen(ingredientID, userID) VALUES(13, 1);INSERT INTO kitchen(ingredientID, userID) VALUES(30, 1);INSERT INTO kitchen(ingredientID, userID) VALUES(34, 2);INSERT INTO kitchen(ingredientID, userID) VALUES(11, 2);INSERT INTO kitchen(ingredientID, userID) VALUES(30, 3);INSERT INTO kitchen(ingredientID, userID) VALUES(7, 4);INSERT INTO kitchen(ingredientID, userID) VALUES(42, 4);INSERT INTO kitchen(ingredientID, userID) VALUES(34, 5);INSERT INTO kitchen(ingredientID, userID) VALUES(36, 5);INSERT INTO kitchen(ingredientID, userID) VALUES(10, 5);INSERT INTO kitchen(ingredientID, userID) VALUES(40, 5);INSERT INTO kitchen(ingredientID, userID) VALUES(25, 6);INSERT INTO kitchen(ingredientID, userID) VALUES(3, 6);INSERT INTO kitchen(ingredientID, userID) VALUES(20, 6);INSERT INTO kitchen(ingredientID, userID) VALUES(13, 7);INSERT INTO kitchen(ingredientID, userID) VALUES(27, 7);INSERT INTO kitchen(ingredientID, userID) VALUES(36, 8);INSERT INTO kitchen(ingredientID, userID) VALUES(39, 8);INSERT INTO kitchen(ingredientID, userID) VALUES(21, 8);INSERT INTO kitchen(ingredientID, userID) VALUES(30, 9);INSERT INTO kitchen(ingredientID, userID) VALUES(10, 9);INSERT INTO kitchen(ingredientID, userID) VALUES(32, 9);INSERT INTO kitchen(ingredientID, userID) VALUES(15, 9);INSERT INTO kitchen(ingredientID, userID) VALUES(21, 10);INSERT INTO kitchen(ingredientID, userID) VALUES(11, 10);INSERT INTO kitchen(ingredientID, userID) VALUES(6, 11);INSERT INTO kitchen(ingredientID, userID) VALUES(17, 11);INSERT INTO kitchen(ingredientID, userID) VALUES(19, 11);INSERT INTO kitchen(ingredientID, userID) VALUES(37, 11);INSERT INTO kitchen(ingredientID, userID) VALUES(24, 12);INSERT INTO kitchen(ingredientID, userID) VALUES(13, 12);INSERT INTO kitchen(ingredientID, userID) VALUES(41, 12);INSERT INTO kitchen(ingredientID, userID) VALUES(12, 12);INSERT INTO kitchen(ingredientID, userID) VALUES(10, 13);INSERT INTO kitchen(ingredientID, userID) VALUES(11, 14);INSERT INTO kitchen(ingredientID, userID) VALUES(35, 14);INSERT INTO kitchen(ingredientID, userID) VALUES(41, 14);INSERT INTO kitchen(ingredientID, userID) VALUES(42, 14);INSERT INTO kitchen(ingredientID, userID) VALUES(39, 15);INSERT INTO kitchen(ingredientID, userID) VALUES(10, 16);INSERT INTO kitchen(ingredientID, userID) VALUES(14, 17);INSERT INTO kitchen(ingredientID, userID) VALUES(36, 17);INSERT INTO kitchen(ingredientID, userID) VALUES(10, 17);INSERT INTO kitchen(ingredientID, userID) VALUES(12, 17);INSERT INTO kitchen(ingredientID, userID) VALUES(38, 18);INSERT INTO kitchen(ingredientID, userID) VALUES(9, 19);INSERT INTO kitchen(ingredientID, userID) VALUES(22, 19);INSERT INTO kitchen(ingredientID, userID) VALUES(11, 19);INSERT INTO kitchen(ingredientID, userID) VALUES(8, 20);